"무인교통단속카메라관리번호",시도명,시군구명,도로종류,도로노선번호,도로노선명,도로노선방향,소재지도로명주소,소재지지번주소,위도,경도,설치장소,단속구분,제한속도,단속구간위치구분,과속단속구간길이,보호구역구분,설치연도,관리기관명,관리기관전화번호,데이터기준일자
"천안서북-F0001",충청남도,천안시 서북구,시도,,봉정로,3,충청남도 천안시 서북구 봉정로 89,충청남도 천안시 서북구 성정동 745-2,36.81038097,127.1405775,서부역 삼거리,4,0,,,,2013,충청남도 천안시 서북구청,041-521-6420,2022-07-01
"천안서북-F0002",충청남도,천안시 서북구,시도,,봉정로,3,충청남도 천안시 서북구 봉정로 130,충청남도 천안시 서북구 성정동 193-10,36.81349911,127.1418428,성정사거리 부근,4,0,,,,2015,충청남도 천안시 서북구청,041-521-6420,2022-07-01
"천안서북-F0003",충청남도,천안시 서북구,시도,,봉정로,3,충청남도 천안시 서북구 봉정로 184,충청남도 천안시 서북구 성정동 313-11,36.81832023,127.143078,봉정사거리 부근,4,0,,,,2015,충청남도 천안시 서북구청,041-521-6420,2022-07-01
"천안서북-F0004",충청남도,천안시 서북구,시도,,월봉로,3,충청남도 천안시 서북구 월봉로 94,충청남도 천안시 서북구 쌍용동 1489,36.7989728,127.1184614,맘마마트 부근,4,0,,,,2017,충청남도 천안시 서북구청,041-521-6420,2022-07-01
"천안서북-F0005",충청남도,천안시 서북구,시도,,월봉로,3,충청남도 천안시 서북구 월봉로 131,충청남도 천안시 서북구 쌍용동 1923,36.80253838,127.1180507,용암마을주변,4,0,,,,2017,충청남도 천안시 서북구청,041-521-6420,2022-07-01
"천안서북-F0006",충청남도,천안시 서북구,시도,,서부대로,3,충청남도 천안시 서북구 서부대로 361,충청남도 천안시 서북구 쌍용동 220-9,36.79968773,127.1262076,쌍용사거리,4,0,,,,2013,충청남도 천안시 서북구청,041-521-6420,2022-07-01
"천안서북-F0007",충청남도,천안시 서북구,시도,,천안천4길,3,충청남도 천안시 서북구 천안천4길 48,충청남도 천안시 서북구 와촌동 106-17,36.80966395,127.1448778,천안서부역광장 부근,4,0,,,,2017,충청남도 천안시 서북구청,041-521-6420,2022-07-01
"천안서북-F0008",충청남도,천안시 서북구,시도,,봉정로,3,충청남도 천안시 서북구 봉정로 343,충청남도 천안시 서북구 두정동 1503,36.83251913,127.145106,복지회관 사거리,4,0,,,,2013,충청남도 천안시 서북구청,041-521-6420,2022-07-01
"천안서북-F0009",충청남도,천안시 서북구,시도,,두정상가2길,3,충청남도 천안시 서북구 두정상가2길9,충청남도 천안시 서북구 두정동 1371,36.83095543,127.1394509,"두정상가7길,두정상가2길",4,0,,,,2016,충청남도 천안시 서북구청,041-521-6420,2022-07-01
"천안서북-F0010",충청남도,천안시 서북구,시도,,봉주로,3,충청남도 천안시 서북구 직산읍 봉주로 22,충청남도 천안시 서북구 직산읍 삼은리 76-161,36.87674795,127.1488654,봉주로(삼은초),4,0,,,,2013,충청남도 천안시 서북구청,041-521-6420,2022-07-01
"천안서북-F0011",충청남도,천안시 서북구,군도,,성환12길,3,충청남도 천안시 서북구 성환읍 성환12길46,충청남도 천안시 서북구 성환읍 성환리 375-2,36.91660672,127.132745,"백석 주공그린빌 1,2차 정문 앞",4,0,,,,2016,충청남도 천안시 서북구청,041-521-6420,2022-07-01
"천안서북-F0012",충청남도,천안시 서북구,시도,,오성로,3,충청남도 천안시 서북구 오성로 121,충청남도 천안시 서북구 두정동 1389,36.83030905,127.1410388,"성정두정로, 오성로",4,0,,,,2013,충청남도 천안시 서북구청,041-521-6420,2022-07-01
"천안서북-F0013",충청남도,천안시 서북구,시도,,동서대로,3,충청남도 천안시 서북구 동서대로 129-12,충청남도 천안시 서북구 성정동 1519,36.82688885,127.1378822,두정초삼거리,4,0,,,,2019,충청남도 천안시 서북구청,041-521-6420,2022-07-01
"천안서북-F0014",충청남도,천안시 서북구,시도,,오성로,3,충청남도 천안시 서북구 오성로 55,충청남도 천안시 서북구 성정동 1116,36.83018337,127.1336414,천안우체국 부근,4,0,,,,2014,충청남도 천안시 서북구청,041-521-6420,2022-07-01
"천안서북-F0015",충청남도,천안시 서북구,시도,,성정두정로,3,충청남도 천안시 서북구 성정두정로22,충청남도 천안시 서북구 성정동 1466,36.82757337,127.1415738,"성정두정로, 성정공원5로",4,0,,,,2015,충청남도 천안시 서북구청,041-521-6420,2022-07-01
"천안서북-F0016",충청남도,천안시 서북구,시도,,서부18길,3,충청남도 천안시 서북구 서부18길 23,충청남도 천안시 서북구 성정동 759,36.82289385,127.138734,천안서초등학교 후문 주변,4,0,,,,2017,충청남도 천안시 서북구청,041-521-6420,2022-07-01
"천안서북-F0017",충청남도,천안시 서북구,시도,,쌍용11길,3,충청남도 천안시 서북구 쌍용11길58,충청남도 천안시 서북구 쌍용동 1284,36.80249201,127.1264335,주공7단지,4,0,,,,2013,충청남도 천안시 서북구청,041-521-6420,2022-07-01
"천안서북-F0018",충청남도,천안시 서북구,시도,,성정두정로91,3,충청남도 천안시 서북구 성정두정로91,충청남도 천안시 서북구 두정동 1273,36.83373731,127.1415723,"두정로,성정두정로",4,0,,,,2013,충청남도 천안시 서북구청,041-521-6420,2022-07-01
"천안서북-F0019",충청남도,천안시 서북구,시도,,새말2길,3,충청남도 천안시 서북구 새말2길5,충청남도 천안시 서북구 쌍용동 199,36.79581773,127.1293554,쌍용동 국민은행 부근,4,0,,,,2016,충청남도 천안시 서북구청,041-521-6420,2022-07-01
"천안서북-F0020",충청남도,천안시 서북구,시도,,쌍용대로,3,충청남도 천안시 동남구 쌍용대로 181,충청남도 천안시 동남구 봉명동 438,36.81373158,127.1341179,쌍용대로.성정로(5단지),4,0,,,,2015,충청남도 천안시 서북구청,041-521-6420,2022-07-01
"천안서북-F0021",충청남도,천안시 서북구,시도,,백석4길,3,충청남도 천안시 서북구 백석4길44,충청남도 천안시 서북구 백석동 877,36.8221593,127.1245066,백석종합상가 부근,4,0,,,,2014,충청남도 천안시 서북구청,041-521-6420,2022-07-01
"천안서북-F0022",충청남도,천안시 서북구,시도,,오성로,3,충청남도 천안시 서북구 오성로 18,충청남도 천안시 서북구 두정동 604,36.83012421,127.1292364,두정동 명성교회 부근,4,0,,,,2016,충청남도 천안시 서북구청,041-521-6420,2022-07-01
"천안서북-F0023",충청남도,천안시 서북구,시도,,봉주로,3,충청남도 천안시 서북구 직산읍 봉주로52,충청남도 천안시 서북구 직산읍 삼은리 438-1,36.87696254,127.1524188,서북구청 삼거리,4,0,,,,2016,충청남도 천안시 서북구청,041-521-6420,2022-07-01
"천안서북-F0024",충청남도,천안시 서북구,시도,,두정로,3,충청남도 천안시 서북구 두정로 147,충청남도 천안시 서북구 두정동 985,36.83461537,127.1346453,"서부대로, 두정로(SC)",4,0,,,,2015,충청남도 천안시 서북구청,041-521-6420,2022-07-01
"천안서북-F0025",충청남도,천안시 서북구,시도,,불당17길,3,충청남도 천안시 서북구 불당17길14,충청남도 천안시 서북구 불당동 757,36.80910421,127.1102874,"봉서산로,불당4로",4,0,,,,2019,충청남도 천안시 서북구청,041-521-6420,2022-07-01
"천안서북-F0026",충청남도,천안시 서북구,시도,,서부대로,3,충청남도 천안시 서북구 서부대로 427,충청남도 천안시 서북구 쌍용동 274-2,36.80578994,127.1276177,서부대로(모미지),4,0,,,,2016,충청남도 천안시 서북구청,041-521-6420,2022-07-01
"천안서북-F0027",충청남도,천안시 서북구,시도,,충무로,3,충청남도 천안시 서북구 충무로 158-10,충청남도 천안시 서북구 쌍용동 1363-1,36.79210124,127.125162,충무로(해누리선경),4,0,,,,2015,충청남도 천안시 서북구청,041-521-6420,2022-07-01
"천안서북-F0028",충청남도,천안시 서북구,시도,,순천향6길,3,충청남도 천안시 동남구 순천향6길 2,충청남도 천안시 동남구 쌍용동 553-1,36.80242655,127.1322727,미라초등학교 주변,4,0,,,,2019,충청남도 천안시 서북구청,041-521-6420,2022-07-01
"천안서북-F0029",충청남도,천안시 서북구,시도,,서부대로,3,충청남도 천안시 서북구 서부대로 769,충청남도 천안시 서북구 두정동 990,36.83561954,127.133939,서부대로(한성필하우스),4,0,,,,2015,충청남도 천안시 서북구청,041-521-6420,2022-07-01
"천안서북-F0030",충청남도,천안시 서북구,시도,,봉정로,3,충청남도 천안시 서북구 봉정로 353,충청남도 천안시 서북구 두정동 525-1,36.83534412,127.144458,봉정로(8단지),4,0,,,,2015,충청남도 천안시 서북구청,041-521-6420,2022-07-01
"천안서북-F0031",충청남도,천안시 서북구,시도,,서부대로,3,충청남도 천안시 서북구 성정중7길 3,충청남도 천안시 서북구 성정동 1538,36.82854029,127.1332339,서부대로(늘푸른극동),4,0,,,,2015,충청남도 천안시 서북구청,041-521-6420,2022-07-01
"천안서북-F0032",충청남도,천안시 서북구,시도,,오성로,3,충청남도 천안시 서북구 오성로 92,충청남도 천안시 서북구 성정동 1116,36.83018337,127.1336414,두정동 통계청 부근,4,0,,,,2014,충청남도 천안시 서북구청,041-521-6420,2022-07-01
"천안서북-F0033",충청남도,천안시 서북구,시도,,서부3길,3,충청남도 천안시 서북구 서부3길78,충청남도 천안시 서북구 성정동 630-1,36.82537935,127.1409929,성정동 롯데마트 부근,4,0,,,,2014,충청남도 천안시 서북구청,041-521-6420,2022-07-01
"천안서북-F0034",충청남도,천안시 서북구,시도,,원두정3길,3,충청남도 천안시 서북구 원두정3길37,충청남도 천안시 서북구 두정동 941,36.83359352,127.1366411,두정동 매트로병원부근,4,0,,,,2014,충청남도 천안시 서북구청,041-521-6420,2022-07-01
"천안서북-F0035",충청남도,천안시 서북구,시도,,두정로,3,충청남도 천안시 서북구 두정로 132,충청남도 천안시 서북구 두정동 694,36.83364606,127.1314724,두정동 금성빌딩 부근(두정로132앞),4,0,,,,2014,충청남도 천안시 서북구청,041-521-6420,2022-07-01
"천안서북-F0036",충청남도,천안시 서북구,시도,,두정로,3,충청남도 천안시 서북구 두정로 237,충청남도 천안시 서북구 두정동 1509,36.83357974,127.1434687,"두정로(대우1,2차) 부근",4,0,,,,2015,충청남도 천안시 서북구청,041-521-6420,2022-07-01
"천안서북-F0037",충청남도,천안시 서북구,시도,,월봉로,3,충청남도 천안시 서북구 월봉로 78,충청남도 천안시 서북구 쌍용동 1524-1,36.79759297,127.1183203,쌍용2소방파출소 부근,4,0,,,,2016,충청남도 천안시 서북구청,041-521-6420,2022-07-01
"천안서북-F0038",충청남도,천안시 서북구,시도,,쌍용대로,3,충청남도 천안시 서북구 쌍용대로 253,충청남도 천안시 서북구 성정동 928,36.81983379,127.1355401,쌍용대로(우리은행),4,0,,,,2016,충청남도 천안시 서북구청,041-521-6420,2022-07-01
"천안서북-F0039",충청남도,천안시 서북구,시도,,쌍용19로,3,,충청남도 천안시 서북구 쌍용동 425-4,36.793685,127.120788,쌍용역입구 주변,4,0,,,,2017,충청남도 천안시 서북구청,041-521-6420,2022-07-01
"천안서북-F0040",충청남도,천안시 서북구,시도,,불당대로260,3,충청남도 천안시 서북구 불당대로 260,충청남도 천안시 서북구 쌍용동 222,36.79977459,127.124537,하이렉스파 주변,4,0,,,,2017,충청남도 천안시 서북구청,041-521-6420,2022-07-01
"천안서북-F0041",충청남도,천안시 서북구,시도,,봉정로,3,충청남도 천안시 서북구 봉정로 224-4,충청남도 천안시 서북구 성정동 663-1,36.8218946,127.1438789,성정동 축구센타 부근,4,0,,,,2014,충청남도 천안시 서북구청,041-521-6420,2022-07-01
"천안서북-F0042",충청남도,천안시 서북구,시도,,한들3로,3,충청남도 천안시 서북구 한들3로 35-15,충청남도 천안시 서북구 백석동 1203,36.82667297,127.1255763,"노태산로, 한들3로",4,0,,,,2016,충청남도 천안시 서북구청,041-521-6420,2022-07-01
"천안서북-F0043",충청남도,천안시 서북구,시도,,시청로,3,충청남도 천안시 서북구 시청로 39,충청남도 천안시 서북구 불당동 820,36.80639088,127.1113834,불당초교 입구 주변,4,0,,,,2014,충청남도 천안시 서북구청,041-521-6420,2022-07-01
"천안서북-F0044",충청남도,천안시 서북구,시도,,공원로,3,충청남도 천안시 서북구 공원로 196,충청남도 천안시 서북구 불당동 1289,36.79892927,127.1017766,펜타포트(모다아울렛) 정류장 부근,4,0,,,,2017,충청남도 천안시 서북구청,041-521-6420,2022-07-01
"천안서북-F0045",충청남도,천안시 서북구,시도,,불당14로,3,충청남도 천안시 서북구 불당14로 48,충청남도 천안시 서북구 불당동 1415,36.79770303,127.107685,"희망로,광장로 교차로",4,0,,,,2019,충청남도 천안시 서북구청,041-521-6420,2022-07-01
"천안서북-F0046",충청남도,천안시 서북구,시도,,공원로,3,충청남도 천안시 서북구 공원로 227,충청남도 천안시 서북구 불당동 1299,36.80056457,127.1047271,세메스 어린이집 인근,4,0,,,,2017,충청남도 천안시 서북구청,041-521-6420,2022-07-01
"천안서북-F0047",충청남도,천안시 서북구,시도,,공원로,3,충청남도 천안시 서북구 공원로 227,충청남도 천안시 서북구 불당동 1299,36.80056457,127.1047271,갤러리아삼거리,4,0,,,,2017,충청남도 천안시 서북구청,041-521-6420,2022-07-01
"천안서북-F0048",충청남도,천안시 서북구,시도,,두정상가7길,3,충청남도 천안시 서북구 두정상가7길 32,충청남도 천안시 서북구 두정동 1393,36.83105832,127.141221,마사회 사거리,4,0,,,,2017,충청남도 천안시 서북구청,041-521-6420,2022-07-01
"천안서북-F0049",충청남도,천안시 서북구,시도,,성성8로,3,충청남도 천안시 서북구 성성8로 14-12,충청남도 천안시 서북구 성성동 668,36.840553,127.129977,성성8로 근린공원 사거리,4,0,,,,2022,충청남도 천안시 서북구청,041-521-6420,2022-07-01
"천안서북-F0050",충청남도,천안시 서북구,시도,,불당4로,3,충청남도 천안시 서북구 불당4로 39-21,충청남도 천안시 서북구 불당동 860,36.80584857,127.1087561,불당4로,4,0,,,,2011,충청남도 천안시 서북구청,041-521-6420,2022-07-01
"천안서북-F0051",충청남도,천안시 서북구,시도,,월봉로,3,충청남도 천안시 서북구 월봉로 48,충청남도 천안시 서북구 쌍용동 456,36.79347129,127.1190845,천안은혜교회 주변,4,0,,,,2011,충청남도 천안시 서북구청,041-521-6420,2022-07-01
"천안서북-F0052",충청남도,천안시 서북구,시도,,두정로,3,충청남도 천안시 서북구 두정로 98,충청남도 천안시 서북구 두정동 534,36.83375426,127.1277828,두정로(농협이화지점),4,0,,,,2011,충청남도 천안시 서북구청,041-521-6420,2022-07-01
"천안서북-F0053",충청남도,천안시 서북구,시도,,백석로,3,충청남도 천안시 서북구 백석로 116,충청남도 천안시 서북구 백석동 859,36.82308618,127.1243279,백석동 ACE프라자 주변,4,0,,,,2011,충청남도 천안시 서북구청,041-521-6420,2022-07-01
"천안서북-F0054",충청남도,천안시 서북구,시도,,동서대로,3,충청남도 천안시 서북구 동서대로 61,충청남도 천안시 서북구 두정동 633,36.826097,127.1306047,두정이진병원주변,4,0,,,,2011,충청남도 천안시 서북구청,041-521-6420,2022-07-01
"천안서북-F0055",충청남도,천안시 서북구,시도,,한들3로,3,충청남도 천안시 서북구 한들3로 100,충청남도 천안시 서북구 백석동 1007,36.83266649,127.1232324,한들3로주변,4,0,,,,2012,충청남도 천안시 서북구청,041-521-6420,2022-07-01
"천안서북-F0056",충청남도,천안시 서북구,시도,,번영로,3,충청남도 천안시 서북구 번영로 100,충청남도 천안시 서북구 불당동 727,36.81020849,127.1085263,"번영로주변, 불당20로",4,0,,,,2012,충청남도 천안시 서북구청,041-521-6420,2022-07-01
"천안서북-F0057",충청남도,천안시 서북구,시도,,봉서산로,3,충청남도 천안시 서북구 봉서산로 64,충청남도 천안시 서북구 불당동 786,36.80484275,127.1152675,불당동 주민센터 사거리,4,0,,,,2012,충청남도 천안시 서북구청,041-521-6420,2022-07-01
"천안서북-F0058",충청남도,천안시 서북구,시도,,부성1길,3,충청남도 천안시 서북구 부성1길16,충청남도 천안시 서북구 두정동 1006,36.83581573,127.1373786,"부성초, 부성6길주변",4,0,,,,2012,충청남도 천안시 서북구청,041-521-6420,2022-07-01
"천안서북-F0059",충청남도,천안시 서북구,시도,,3공단5로,3,충청남도 천안시 서북구 3공단5로 58,충청남도 천안시 서북구 차암동 404,36.83987074,127.1104026,3공단5로주변,4,0,,,,2012,충청남도 천안시 서북구청,041-521-6420,2022-07-01
"천안서북-F0060",충청남도,천안시 서북구,시도,,오성로,3,충청남도 천안시 서북구 오성로 120,충청남도 천안시 서북구 성정동 1547,36.82993382,127.1414914,프라지움5차(성정공원),4,0,,,,2012,충청남도 천안시 서북구청,041-521-6420,2022-07-01
"천안서북-F0061",충청남도,천안시 서북구,시도,,천안천4길,3,충청남도 천안시 서북구 천안천4길 18-10,충청남도 천안시 서북구 와촌동 173,36.80806217,127.143943,신동아 파밀리에주변,4,0,,,,2012,충청남도 천안시 서북구청,041-521-6420,2022-07-01
"천안서북-F0062",충청남도,천안시 서북구,시도,,서부16길,3,충청남도 천안시 서북구 서부16길 27,충청남도 천안시 서북구 성정동 646-5,36.82289385,127.138734,서초등학교 정문 주변,4,0,,,,2012,충청남도 천안시 서북구청,041-521-6420,2022-07-01
"천안서북-F0063",충청남도,천안시 서북구,시도,,두정상가8길,3,충청남도 천안시 서북구 두정상가8길 47,충청남도 천안시 서북구 두정동 1456,36.83199888,127.1429369,두정상가8길 주변,4,0,,,,2012,충청남도 천안시 서북구청,041-521-6420,2022-07-01
"천안서북-F0064",충청남도,천안시 서북구,군도,,성환12길,3,충청남도 천안시 서북구 성환읍 성환12길 37,충청남도 천안시 서북구 성환읍 성환리 274-10,36.91773993,127.1336749,성환초등학교 주변,4,0,,,,2012,충청남도 천안시 서북구청,041-521-6420,2022-07-01
"천안서북-F0065",충청남도,천안시 서북구,시도,,3공단6로,3,충청남도 천안시 서북구 3공단6로 140,충청남도 천안시 서북구 차암동 421,36.84666559,127.1116247,백석공단1로,4,0,,,,2013,충청남도 천안시 서북구청,041-521-6420,2022-07-01
"천안서북-F0066",충청남도,천안시 서북구,시도,,4산단로,3,충청남도 천안시 서북구 4산단로 42,충청남도 천안시 서북구 성성동 476,36.84617531,127.1171918,4산단로,4,0,,,,2013,충청남도 천안시 서북구청,041-521-6420,2022-07-01
"천안서북-F0067",충청남도,천안시 서북구,시도,,한들1로,3,충청남도 천안시 서북구 한들1로 152-9,충청남도 천안시 서북구 백석동 1070,36.83589858,127.1203704,한들1로(중흥S클래스),4,0,,,,2013,충청남도 천안시 서북구청,041-521-6420,2022-07-01
"천안서북-F0068",충청남도,천안시 서북구,시도,,두정상가5길,3,충청남도 천안시 서북구 두정상가5길 15,충청남도 천안시 서북구 두정동 1452,36.83122491,127.1430801,"두정상가7길,두정상가4길",4,0,,,,2013,충청남도 천안시 서북구청,041-521-6420,2022-07-01
"천안서북-F0069",충청남도,천안시 서북구,시도,,두정상가8길,3,충청남도 천안시 서북구 두정상가8길 20,충청남도 천안시 서북구 두정동 1345,36.83218601,127.1401434,"두정상가8길,두정상가2길",4,0,,,,2013,충청남도 천안시 서북구청,041-521-6420,2022-07-01
"천안서북-F0070",충청남도,천안시 서북구,시도,,3공단6로,3,충청남도 천안시 서북구 3공단6로 77,충청남도 천안시 서북구 차암동 438,36.84271707,127.105414,코스트코주변,4,0,,,,2014,충청남도 천안시 서북구청,041-521-6420,2022-07-01
"천안서북-F0071",충청남도,천안시 서북구,시도,,한들3로,3,충청남도 천안시 서북구 한들3로 76,충청남도 천안시 서북구 백석동 35-27,36.8303998,127.1238075,한들3로(선영) 주변,4,0,,,,2014,충청남도 천안시 서북구청,041-521-6420,2022-07-01
"천안서북-F0072",충청남도,천안시 서북구,시도,,성정공원5로,3,충청남도 천안시 서북구 성정공원5로 21,충청남도 천안시 서북구 성정동 1499,36.82762741,127.1390734,성정공원5길 주변,4,0,,,,2014,충청남도 천안시 서북구청,041-521-6420,2022-07-01
"천안서북-F0073",충청남도,천안시 서북구,시도,,불당11로,3,충청남도 천안시 서북구 불당11로 101,충청남도 천안시 서북구 불당동 802,36.8052262,127.1159355,봉서산로(불당호반) 주변,4,0,,,,2014,충청남도 천안시 서북구청,041-521-6420,2022-07-01
"천안서북-F0074",충청남도,천안시 서북구,시도,,공원로,3,충청남도 천안시 서북구 공원로 195,충청남도 천안시 서북구 불당동 1292,36.79980413,127.1006794,펜타포트몰 주차장입구 주변,4,0,,,,2019,충청남도 천안시 서북구청,041-521-6420,2022-07-01
"천안서북-F0075",충청남도,천안시 서북구,시도,,공원로,3,충청남도 천안시 서북구 공원로 195,충청남도 천안시 서북구 불당동 1292,36.79980413,127.1006794,펜타포트103동주변,4,0,,,,2015,충청남도 천안시 서북구청,041-521-6420,2022-07-01
"천안서북-F0076",충청남도,천안시 서북구,시도,,3공단6로,3,충청남도 천안시 서북구 3공단6로 33,충청남도 천안시 서북구 차암동 448,36.84104302,127.0997154,3공단6로 부근,4,0,,,,2015,충청남도 천안시 서북구청,041-521-6420,2022-07-01
"천안서북-F0077",충청남도,천안시 서북구,시도,,3공단6로,3,충청남도 천안시 서북구 3공단6로 140,충청남도 천안시 서북구 차암동 423,36.84551297,127.1093282,백석공단1로(후문),4,0,,,,2015,충청남도 천안시 서북구청,041-521-6420,2022-07-01
"천안서북-F0078",충청남도,천안시 서북구,시도,,불당4로,3,충청남도 천안시 서북구 불당4로 111,충청남도 천안시 서북구 불당동 687,36.81170821,127.1114454,"검은들로,불당4로",4,0,,,,2015,충청남도 천안시 서북구청,041-521-6420,2022-07-01
"천안서북-F0079",충청남도,천안시 서북구,시도,,한들3로,3,충청남도 천안시 서북구 한들3로 35-4,충청남도 천안시 서북구 백석동 1203,36.82667297,127.1255763,백석아이파크2차 사거리,4,0,,,,2015,충청남도 천안시 서북구청,041-521-6420,2022-07-01
"천안서북-F0080",충청남도,천안시 서북구,시도,,봉서산로,3,충청남도 천안시 서북구 봉서산로 85,충청남도 천안시 서북구 불당동 780,36.80573509,127.1177228,봉서산샛길,4,0,,,,2016,충청남도 천안시 서북구청,041-521-6420,2022-07-01
"천안서북-F0081",충청남도,천안시 서북구,시도,,불당11로,3,충청남도 천안시 서북구 불당11로 9,충청남도 천안시 서북구 불당동 934,36.80476613,127.1074126,불당 11로,4,0,,,,2016,충청남도 천안시 서북구청,041-521-6420,2022-07-01
"천안서북-F0082",충청남도,천안시 서북구,시도,,오성로,3,충청남도 천안시 서북구 오성로 107,충청남도 천안시 서북구 두정동 1370,36.83046836,127.1393891,오성로(성정공원),4,0,,,,2016,충청남도 천안시 서북구청,041-521-6420,2022-07-01
"천안서북-F0083",충청남도,천안시 서북구,시도,,축구센터로,3,충청남도 천안시 서북구 축구센터로 150,충청남도 천안시 서북구 성정동 354,36.82143955,127.1457671,"축구센터로, 봉정로",4,0,,,,2016,충청남도 천안시 서북구청,041-521-6420,2022-07-01
"천안서북-F0084",충청남도,천안시 서북구,시도,,불당23로,3,충청남도 천안시 서북구 불당23로 29,충청남도 천안시 서북구 불당동 1501,36.8196706,127.1049084,불당23로(불무초),4,0,,,,2016,충청남도 천안시 서북구청,041-521-6420,2022-07-01
"천안서북-F0085",충청남도,천안시 서북구,시도,,불당23로,3,충청남도 천안시 서북구 불당23로 66,충청남도 천안시 서북구 불당동 1519,36.8178102,127.1079788,"불당 23로,불당 25로",4,0,,,,2016,충청남도 천안시 서북구청,041-521-6420,2022-07-01
"천안서북-F0086",충청남도,천안시 서북구,시도,,불당26로,3,충청남도 천안시 서북구 불당26로 100-20,충청남도 천안시 서북구 불당동 1529,36.8166196,127.1078356,"불당22대로,불당25로",4,0,,,,2016,충청남도 천안시 서북구청,041-521-6420,2022-07-01
"천안서북-F0087",충청남도,천안시 서북구,시도,,불당27길,3,충청남도 천안시 서북구 불당27길 7,충청남도 천안시 서북구 불당동 1574,36.81320811,127.102361,불당21로(아름초),4,0,,,,2016,충청남도 천안시 서북구청,041-521-6420,2022-07-01
"천안서북-F0088",충청남도,천안시 서북구,시도,,불당33길,3,충청남도 천안시 서북구 불당33길 24,충청남도 천안시 서북구 불당동 1618,36.81238685,127.1081985,"불당21로,검은들로,번영로",4,0,,,,2016,충청남도 천안시 서북구청,041-521-6420,2022-07-01
"천안서북-F0089",충청남도,천안시 서북구,시도,,불당33길,3,충청남도 천안시 서북구 불당33길 36,충청남도 천안시 서북구 불당동 1629,36.81174593,127.1068498,불당25로(푸르지오5블럭),4,0,,,,2016,충청남도 천안시 서북구청,041-521-6420,2022-07-01
"천안서북-F0090",충청남도,천안시 서북구,시도,,불당32길,3,충청남도 천안시 서북구 불당32길 6,충청남도 천안시 서북구 불당동 1706,36.80854364,127.1040291,"불당19로,불당26로",4,0,,,,2016,충청남도 천안시 서북구청,041-521-6420,2022-07-01
"천안서북-F0091",충청남도,천안시 서북구,시도,,불당24로,3,충청남도 천안시 서북구 불당24로 10,충청남도 천안시 서북구 불당동 1497,36.82270798,127.1025752,불당동 리더힐스 정문 앞,4,0,,,,2016,충청남도 천안시 서북구청,041-521-6420,2022-07-01
"천안서북-F0092",충청남도,천안시 서북구,시도,,불당24로,3,충청남도 천안시 서북구 불당24로 51,충청남도 천안시 서북구 불당동 1477,36.822287,127.1077139,"불당24로,불당26로",4,0,,,,2016,충청남도 천안시 서북구청,041-521-6420,2022-07-01
"천안서북-F0093",충청남도,천안시 서북구,시도,,불당19로,3,충청남도 천안시 서북구 불당19로92,충청남도 천안시 서북구 불당동 1799,36.81720994,127.1000614,"불당19로,불당22대로",4,0,,,,2016,충청남도 천안시 서북구청,041-521-6420,2022-07-01
"천안서북-F0094",충청남도,천안시 서북구,시도,,불당26로,3,충청남도 천안시 서북구 불당26로 77,충청남도 천안시 서북구 불당동 1548,36.81615494,127.1047588,"불당21,불당 26로",4,0,,,,2016,충청남도 천안시 서북구청,041-521-6420,2022-07-01
"천안서북-F0095",충청남도,천안시 서북구,시도,,불당18로,3,충청남도 천안시 서북구 불당18로 31,충청남도 천안시 서북구 불당동 1830,36.80536929,127.104929,"불당18로,불당 25로",4,0,,,,2016,충청남도 천안시 서북구청,041-521-6420,2022-07-01
"천안서북-F0096",충청남도,천안시 서북구,시도,,성정공원1길,3,충청남도 천안시 서북구 성정공원1길 9-4,충청남도 천안시 서북구 성정동 1504,36.82681562,127.1389703,성정공원 1길,4,0,,,,2017,충청남도 천안시 서북구청,041-521-6420,2022-07-01
"천안서북-F0097",충청남도,천안시 서북구,시도,,월봉7길,3,충청남도 천안시 서북구 월봉7길 25,충청남도 천안시 서북구 쌍용동 1764,36.78961209,127.1151399,월봉7길(쌍용고),4,0,,,,2017,충청남도 천안시 서북구청,041-521-6420,2022-07-01
"천안서북-F0098",충청남도,천안시 서북구,시도,,서부역9로,3,충청남도 천안시 서북구 천안천4길 48,충청남도 천안시 서북구 와촌동 106-17,36.80966395,127.1448778,서부역회차지부근,4,0,,,,2017,충청남도 천안시 서북구청,041-521-6420,2022-07-01
"천안서북-F0099",충청남도,천안시 서북구,시도,,봉서산1길,3,충청남도 천안시 서북구 봉서산1길 41,충청남도 천안시 서북구 쌍용동 2116,36.80706633,127.1186041,봉서산샛길(농협),4,0,,,,2017,충청남도 천안시 서북구청,041-521-6420,2022-07-01
"천안서북-F0100",충청남도,천안시 서북구,시도,,오성5길,3,충청남도 천안시 서북구 오성5길 26,충청남도 천안시 서북구 두정동 670,36.83081181,127.1308429,오성초부근,4,0,,,,2017,충청남도 천안시 서북구청,041-521-6420,2022-07-01
"천안서북-F0101",충청남도,천안시 서북구,시도,,충무로187,3,충청남도 천안시 서북구 충무로 187,충청남도 천안시 서북구 쌍용동 191,36.7959274,127.1271019,쌍용동 이마트부근,4,0,,,,2017,충청남도 천안시 서북구청,041-521-6420,2022-07-01
"천안서북-F0102",충청남도,천안시 서북구,시도,,성정두정로,3,충청남도 천안시 서북구 성정두정로 130,충청남도 천안시 서북구 두정동 1546,36.83705255,127.1426788,"신대초,성정두정로",4,0,,,,2017,충청남도 천안시 서북구청,041-521-6420,2022-07-01
"천안서북-F0103",충청남도,천안시 서북구,시도,,양지9길,3,충청남도 천안시 서북구 양지9길 8,충청남도 천안시 서북구 성정동 742-2,36.81193549,127.1399549,양지9길8,4,0,,,,2017,충청남도 천안시 서북구청,041-521-6420,2022-07-01
"천안서북-F0104",충청남도,천안시 서북구,시도,,불당17길,3,충청남도 천안시 서북구 불당17길 27,충청남도 천안시 서북구 불당동 734,36.80973932,127.1108629,불당17길 불당4로,4,0,,,,2017,충청남도 천안시 서북구청,041-521-6420,2022-07-01
"천안서북-F0105",충청남도,천안시 서북구,시도,,봉서산샛길,3,충청남도 천안시 서북구 봉서산샛길 64,충청남도 천안시 서북구 쌍용동1920,36.80636099,127.1182759,용암초(봉서산로),4,0,,,,2018,충청남도 천안시 서북구청,041-521-6420,2022-07-01
"천안서북-F0106",충청남도,천안시 서북구,시도,,불당11로,3,충청남도 천안시 서북구 불당11로 68,충청남도 천안시 서북구 불당동788,36.80213925,127.1140547,서당초(불당11로),4,0,,,,2018,충청남도 천안시 서북구청,041-521-6420,2022-07-01
"천안서북-F0107",충청남도,천안시 서북구,시도,,공원로,3,충청남도 천안시 서북구 공원로 159,충청남도 천안시 서북구 불당동1279,36.79778246,127.0978904,"광장로,공원로",4,0,,,,2018,충청남도 천안시 서북구청,041-521-6420,2022-07-01
"천안서북-F0108",충청남도,천안시 서북구,시도,,불당26로,3,충청남도 천안시 서북구 불당26로 50,충청남도 천안시 서북구 불당동 1614,36.81263835,127.1056851,"불당20로,불당25로",4,0,,,,2018,충청남도 천안시 서북구청,041-521-6420,2022-07-01
"천안서북-F0109",충청남도,천안시 서북구,시도,,동서대로,3,충청남도 천안시 서북구 동서대로 129-22,충청남도 천안시 서북구 성정동1523,36.82782655,127.1379501,성정공원5로부근(학산),4,0,,,,2018,충청남도 천안시 서북구청,041-521-6420,2022-07-01
"천안서북-F0110",충청남도,천안시 서북구,시도,,성정동,3,충청남도 천안시 서북구 성정동 90-8,충청남도 천안시 서북구 성정동 90-8,36.81792067,127.1501999,망향로 롯데택배 입구 주변,4,0,,,,2018,충청남도 천안시 서북구청,041-521-6420,2022-07-01
"천안서북-F0111",충청남도,천안시 서북구,시도,,불당25로,3,충청남도 천안시 서북구 불당25로 146,충청남도 천안시 서북구 불당동 1541,36.81418574,127.1077406,불당25로 리치타워 주변,4,0,,,,2019,충청남도 천안시 서북구청,041-521-6420,2022-07-01
"천안서북-F0112",충청남도,천안시 서북구,시도,,충무로,3,충청남도 천안시 서북구 충무로 143-9,충청남도 천안시 서북구 쌍용동 446-22,36.79362985,127.1222537,성성6로 성성9로,4,0,,,,2019,충청남도 천안시 서북구청,041-521-6420,2022-07-01
"천안서북-F0113",충청남도,천안시 서북구,시도,,오성로,3,충청남도 천안시 서북구 오성로 138,충청남도 천안시 서북구 성정동 1326,36.82966151,127.1424697,쌍용역 계룡아파트 주변,4,0,,,,2019,충청남도 천안시 서북구청,041-521-6420,2022-07-01
"천안서북-F0114",충청남도,천안시 서북구,시도,,성성9로,3,충청남도 천안시 서북구 성성9로 14,충청남도 천안시 서북구 성성동 697,36.84116611,127.1320714,오성로 청이해 주변,4,0,,,,2019,충청남도 천안시 서북구청,041-521-6420,2022-07-01
"천안서북-F0115",충청남도,천안시 서북구,시도,,한들3로,3,충청남도 천안시 서북구 한들3로 35-6,충청남도 천안시 서북구 백석동 1153,36.82709637,127.1231053,한들2로 백석유치원 주변,4,0,,,,2019,충청남도 천안시 서북구청,041-521-6420,2022-07-01
"천안서북-F0116",충청남도,천안시 서북구,시도,,불당4로,3,충청남도 천안시 서북구 불당4로 91,충청남도 천안시 서북구 불당동 740,36.80699617,127.110379,스타벅스 천안불당점 주변,4,0,,,,2020,충청남도 천안시 서북구청,041-521-6420,2022-07-01
"천안서북-F0117",충청남도,천안시 서북구,시도,,3공단6로,3,충청남도 천안시 서북구 3공단6로 125,충청남도 천안시 서북구 차암동 552,36.84611107,127.1085701,스마일시티2차 로터리,4,0,,,,2020,충청남도 천안시 서북구청,041-521-6420,2022-07-01
"천안서북-F0118",충청남도,천안시 서북구,시도,,축구센터로,3,충청남도 천안시 서북구 축구센터로 179,충청남도 천안시 서북구 성정동 37-36,36.82376099,127.146526,시립성정어린이집 부근,4,0,,,,2020,충청남도 천안시 서북구청,041-521-6420,2022-07-01
"천안서북-F0119",충청남도,천안시 서북구,시도,,공원로,3,충청남도 천안시 서북구 공원로 176,충청남도 천안시 서북구 불당동 1288,36.7971119,127.098593,시티프라디움 3차 정문 주변,4,0,,,,2020,충청남도 천안시 서북구청,041-521-6420,2022-07-01
"천안서북-F0120",충청남도,천안시 서북구,시도,,백석2길,3,,충청남도 천안시 서북구 백석동 911,36.81867847,127.1193006,"백석동 호반1,2차 사이 삼거리",4,0,,,,2021,충청남도 천안시 서북구청,041-521-6420,2022-07-01
"천안서북-F0121",충청남도,천안시 서북구,시도,,두정상가8길,3,충청남도 천안시 서북구 두정상가8길 30,충청남도 천안시 서북구 두정동 1327,36.83212226,127.1412988,"성정두정로,두정상가 8길 사거리",4,0,,,,2021,충청남도 천안시 서북구청,041-521-6420,2022-07-01
"천안서북-F0122",충청남도,천안시 서북구,시도,,두정공원2길,3,충청남도 천안시 서북구 두정공원2길 14,충청남도 천안시 서북구 두정동 397-10,36.83479012,127.1539486,두정동 와마트 건너편,4,0,,,,2021,충청남도 천안시 서북구청,041-521-6420,2022-07-01
"천안서북-F0123",충청남도,천안시 서북구,시도,,두정공원2길,3,충청남도 천안시 서북구 두정공원2길 50,충청남도 천안시 서북구 두정동 401-1,36.836913,127.1559433,두정동 이편한세상 4차 정문 앞,4,0,,,,2021,충청남도 천안시 서북구청,041-521-6420,2022-07-01
"천안서북-F0124",충청남도,천안시 서북구,시도,,성성6로,3,충청남도 천안시 서북구 성성6로 68,충청남도 천안시 서북구 성성동 969,36.84122547,127.126633,성성동 푸르지오 3차 동문 앞,4,0,,,,2021,충청남도 천안시 서북구청,041-521-6420,2022-07-01
"천안서북-F0125",충청남도,천안시 서북구,시도,,봉주로,3,충청남도 천안시 서북구 성거읍 봉주로 122,충청남도 천안시 서북구 성거읍 신월리 2-8,36.877631,127.16011,소망초 입구 봉주로 삼거리,4,0,,,,2021,충청남도 천안시 서북구청,041-521-6420,2022-07-01
"천안서북-F0126",충청남도,천안시 서북구,시도,,성성8로,3,,충청남도 천안시 서북구 성성동 816,36.841566,127.135929,성성6로 성성10길,4,0,,,,2021,충청남도 천안시 서북구청,041-521-6420,2022-07-01
"천안서북-F0127",충청남도,천안시 서북구,시도,,성성10길,3,충청남도 천안시 서북구 성성10길 10-4,충청남도 천안시 서북구 성성동 790,36.840601,127.136907,성성유치원 삼거리,4,0,,,,2021,충청남도 천안시 서북구청,041-521-6420,2022-07-01
"천안서북-F0128",충청남도,천안시 서북구,시도,,수곡로,3,충청남도 천안시 서북구 수곡로 19-32,충청남도 천안시 서북구 쌍용동 440-27,36.790501,127.123088,수곡초 아이파크 삼거리,4,0,,,,2021,충청남도 천안시 서북구청,041-521-6420,2022-07-01
"천안서북-F0129",충청남도,천안시 서북구,시도,,한들4로,3,충청남도 천안시 서북구 한들4로 80,충청남도 천안시 서북구 백석동 982,36.835771,127.124655,한들3로 한들4로,4,0,,,,2021,충청남도 천안시 서북구청,041-521-6420,2022-07-01
"천안서북-F0130",충청남도,천안시 서북구,시도,,스마일시티1로,3,,충청남도 천안시 서북구 차암동 521,36.844491,127.106067,차암초 정문 주변,4,0,,,,2021,충청남도 천안시 서북구청,041-521-6420,2022-07-01
"천안서북-F0131",충청남도,천안시 서북구,시도,,불당26로,3,,충청남도 천안시 서북구 불당동 1517,36.808481,127.106224,불당23로 불당26로,4,0,,,,2021,충청남도 천안시 서북구청,041-521-6420,2022-07-01
"천안서북-F0132",충청남도,천안시 서북구,시도,,와촌4길,3,충청남도 천안시 서북구 와촌4길 11,충청남도 천안시 서북구 와촌동 100-9,36.806391,127.144564,와촌초 정문 삼거리,4,0,,,,2021,충청남도 천안시 서북구청,041-521-6420,2022-07-01
"천안서북-F0133",충청남도,천안시 서북구,시도,,한들1로,3,충청남도 천안시 서북구 한들1로 58,충청남도 천안시 서북구 백석동 433-3,36.826691,127.117832,"한들1로, 브라운스톤 주변",4,0,,,,2021,충청남도 천안시 서북구청,041-521-6420,2022-07-01
"천안서북-F0134",충청남도,천안시 서북구,시도,,공원로,3,,충청남도 천안시 서북구 불당동 1288,36.796501,127.098105,호수초 정문 주변,4,0,,,,2021,충청남도 천안시 서북구청,041-521-6420,2022-07-01
"천안서북-F0135",충청남도,천안시 서북구,시도,,불당13로,3,,충청남도 천안시 서북구 불당동 1436,36.815061,127.108391,북부상공회의소 뒤 주변,4,0,,,,2021,충청남도 천안시 서북구청,041-521-6420,2022-07-01
"천안서북-F0136",충청남도,천안시 서북구,시도,,불당21로,3,,충청남도 천안시 서북구 불당동 1543,36.798461,127.108471,불당 제5공영주차장 주변,4,0,,,,2021,충청남도 천안시 서북구청,041-521-6420,2022-07-01
"천안서북-F0137",충청남도,천안시 서북구,시도,,북일로,3,,충청남도 천안시 서북구 두정동 2064,36.831859,127.15281,"북일로, 두정공단1길",4,0,,,,2022,충청남도 천안시 서북구청,041-521-6420,2022-07-01
"천안서북-F0138",충청남도,천안시 서북구,시도,,한들2로,3,,충청남도 천안시 서북구 백석동 101-34,36.826855,127.120857,한들2로 한들3로,4,0,,,,2022,충청남도 천안시 서북구청,041-521-6420,2022-07-01
"천안서북-F0139",충청남도,천안시 서북구,시도,,불당22대로,3,,충청남도 천안시 서북구 불당동 1877,36.816251,127.106177,스타벅스 시청점 사거리,4,0,,,,2022,충청남도 천안시 서북구청,041-521-6420,2022-07-01
"천안서북-F0140",충청남도,천안시 서북구,시도,,불당34길,3,충청남도 천안시 서북구 불당34길 18,충청남도 천안시 서북구 불당동 1840,36.806639,127.106204,불당34길,4,0,,,,2022,충청남도 천안시 서북구청,041-521-6420,2022-07-01
"천안서북-F0141",충청남도,천안시 서북구,시도,,쌍용14길,3,,충청남도 천안시 서북구 쌍용동 778,36.796087,127.125264,쌍용역~시영2차아파트,4,0,,,,2022,충청남도 천안시 서북구청,041-521-6420,2022-07-01
"천안서북-F0142",충청남도,천안시 서북구,시도,,축구센터로,3,,충청남도 천안시 서북구 성정동 119-34,36.815251,127.147186,한도A~성정지하차도 주변,4,0,,,,2022,충청남도 천안시 서북구청,041-521-6420,2022-07-01
"천안동남-F0001",충청남도,천안시 동남구,군도,,삼성5길,3,충청남도 천안시 동남구 목천읍 삼성5길 23,충청남도 천안시 동남구 목천읍 삼성리 188-2,36.76095204,127.1750426,부영아파트(초입),4,0,,,,2012,충청남도 천안시 동남구청,041-521-4426,2022-07-01
"천안동남-F0002",충청남도,천안시 동남구,시도,,새말1길,3,충청남도 천안시 동남구 새말1길 29,충청남도 천안시 동남구 신방동 40,36.79073438,127.1317209,신용초등학교,4,0,,,,2012,충청남도 천안시 동남구청,041-521-4426,2022-07-01
"천안동남-F0003",충청남도,천안시 동남구,시도,,통정9로,3,충청남도 천안시 동남구 통정9로 58,충청남도 천안시 동남구 신방동 1924,36.77099295,127.1309239,새샘초등학교,4,0,,,,2012,충청남도 천안시 동남구청,041-521-4426,2022-07-01
"천안동남-F0004",충청남도,천안시 동남구,시도,,청수8로,3,충청남도 천안시 동남구 청수8로 51,충청남도 천안시 동남구 청당동 626,36.7867994,127.1598088,국민건강보험공단,4,0,,,,2012,충청남도 천안시 동남구청,041-521-4426,2022-07-01
"천안동남-F0005",충청남도,천안시 동남구,시도,,청수4로,3,충청남도 천안시 동남구 청수4로 11,충청남도 천안시 동남구 청당동 458,36.7831163,127.1495758,한양수자인 정문,4,0,,,,2012,충청남도 천안시 동남구청,041-521-4426,2022-07-01
"천안동남-F0006",충청남도,천안시 동남구,시도,,풍세로,3,충청남도 천안시 동남구 풍세로 907,충청남도 천안시 동남구 다가동 61-7,36.78937211,127.1477361,청수동 경남아너스빌,4,0,,,,2012,충청남도 천안시 동남구청,041-521-4426,2022-07-01
"천안동남-F0007",충청남도,천안시 동남구,시도,,청수14로,3,충청남도 천안시 동남구 청수14로 77,충청남도 천안시 동남구 청당동 476,36.78584303,127.1545534,법원검찰청 입구,4,0,,,,2012,충청남도 천안시 동남구청,041-521-4426,2022-07-01
"천안동남-F0008",충청남도,천안시 동남구,시도,,청수14로,3,충청남도 천안시 동남구 청수14로 21,충청남도 천안시 동남구 청당동 469,36.78545156,127.1489334,가온초등학교,4,0,,,,2012,충청남도 천안시 동남구청,041-521-4426,2022-07-01
"천안동남-F0009",충청남도,천안시 동남구,군도,,신계5길,3,충청남도 천안시 동남구 목천읍 신계5길 27,충청남도 천안시 동남구 목천읍 신계리 105-9,36.77384964,127.216711,신흥초등학교 주변,4,0,,,,2013,충청남도 천안시 동남구청,041-521-4426,2022-07-01
"천안동남-F0010",충청남도,천안시 동남구,시도,,서부대로,3,충청남도 천안시 동남구 서부대로 181,충청남도 천안시 동남구 신방동 107-1,36.78435303,127.1278715,신방체육관 주변,4,0,,,,2013,충청남도 천안시 동남구청,041-521-4426,2022-07-01
"천안동남-F0011",충청남도,천안시 동남구,시도,,풍세로,3,충청남도 천안시 동남구 풍세로 769-27,충청남도 천안시 동남구 신방동 195-1,36.77964978,127.1378953,용곡동 세광2차아파트 정문,4,0,,,,2013,충청남도 천안시 동남구청,041-521-4426,2022-07-01
"천안동남-F0012",충청남도,천안시 동남구,시도,,통정9로,3,충청남도 천안시 동남구 통정9로 78,충청남도 천안시 동남구 신방동 1956,36.7700347,127.1329845,신방통정 한라비발디 정문,4,0,,,,2013,충청남도 천안시 동남구청,041-521-4426,2022-07-01
"천안동남-F0013",충청남도,천안시 동남구,시도,,봉서10길,3,충청남도 천안시 동남구 봉서10길 12,충청남도 천안시 동남구 봉명동 482,36.81251167,127.131184,봉서초등학교 주변,4,0,,,,2013,충청남도 천안시 동남구청,041-521-4426,2022-07-01
"천안동남-F0014",충청남도,천안시 동남구,시도,,일봉로,3,충청남도 천안시 동남구 일봉로 34,충청남도 천안시 동남구 신방동 895,36.79188893,127.1318648,일봉산터널,4,0,,,,2014,충청남도 천안시 동남구청,041-521-4426,2022-07-01
"천안동남-F0015",충청남도,천안시 동남구,시도,,서부대로,3,충청남도 천안시 동남구 서부대로 245,충청남도 천안시 동남구 신방동 57-6,36.79008055,127.1285686,상신사거리,4,0,,,,2014,충청남도 천안시 동남구청,041-521-4426,2022-07-01
"천안동남-F0016",충청남도,천안시 동남구,시도,,새말1길,3,충청남도 천안시 동남구 새말1길 55,충청남도 천안시 동남구 용곡동 482-26,36.78857783,127.1313419,용곡초등학교 주변,4,0,,,,2014,충청남도 천안시 동남구청,041-521-4426,2022-07-01
"천안동남-F0017",충청남도,천안시 동남구,시도,,복자1길,3,충청남도 천안시 동남구 복자1길 1,충청남도 천안시 동남구 성황동 9-1,36.81553885,127.1523445,복자여자고등학교,4,0,,,,2014,충청남도 천안시 동남구청,041-521-4426,2022-07-01
"천안동남-F0018",충청남도,천안시 동남구,군도,,삼성5길,3,충청남도 천안시 동남구 목천읍 삼성5길 62,충청남도 천안시 동남구 목천읍 응원리 241-32,36.76065663,127.1792458,부영아파트 상가,4,0,,,,2015,충청남도 천안시 동남구청,041-521-4426,2022-07-01
"천안동남-F0019",충청남도,천안시 동남구,군도,,충절로,3,충청남도 천안시 동남구 충절로 143,충청남도 천안시 동남구 원성동 509-1,36.80604294,127.1590386,교보사거리,4,0,,,,2015,충청남도 천안시 동남구청,041-521-4426,2022-07-01
"천안동남-F0020",충청남도,천안시 동남구,시도,,통정12로,3,충청남도 천안시 동남구 통정12로 18,충청남도 천안시 동남구 신방동 1058,36.77837598,127.1300229,통정12로(부동산 앞),4,0,,,,2015,충청남도 천안시 동남구청,041-521-4426,2022-07-01
"천안동남-F0021",충청남도,천안시 동남구,시도,,통정5로,3,충청남도 천안시 동남구 통정5로 67,충청남도 천안시 동남구 신방동 1540,36.77510482,127.1337453,통정5로 새마을금고,4,0,,,,2015,충청남도 천안시 동남구청,041-521-4426,2022-07-01
"천안동남-F0022",충청남도,천안시 동남구,시도,,통정5로,3,충청남도 천안시 동남구 통정5로 52,충청남도 천안시 동남구 신방동 1897,36.77364835,127.1329775,원형교차로,4,0,,,,2015,충청남도 천안시 동남구청,041-521-4426,2022-07-01
"천안동남-F0023",충청남도,천안시 동남구,시도,,봉정로,3,충청남도 천안시 동남구 봉정로 39,충청남도 천안시 동남구 봉명동 45-9,36.80576764,127.1394186,봉명동행정복지센터,4,0,,,,2015,충청남도 천안시 동남구청,041-521-4426,2022-07-01
"천안동남-F0024",충청남도,천안시 동남구,시도,,신촌4로,3,충청남도 천안시 동남구 신촌4로 25,충청남도 천안시 동남구 신방동 74-62,36.78864388,127.1243609,신방동 초원아파트,4,0,,,,2015,충청남도 천안시 동남구청,041-521-4426,2022-07-01
"천안동남-F0025",충청남도,천안시 동남구,시도,,중앙로,3,충청남도 천안시 동남구 중앙로 210,충청남도 천안시 동남구 신부동 452-8,36.81719511,127.1533462,정통학원 앞,4,0,,,,2015,충청남도 천안시 동남구청,041-521-4426,2022-07-01
"천안동남-F0026",충청남도,천안시 동남구,시도,,영성로,3,충청남도 천안시 동남구 영성로 42,충청남도 천안시 동남구 영성동 82-1,36.80207231,127.1506437,경희 광장한의원,4,0,,,,2015,충청남도 천안시 동남구청,041-521-4426,2022-07-01
"천안동남-F0027",충청남도,천안시 동남구,시도,,중앙시장길,3,충청남도 천안시 동남구 중앙시장길 2,충청남도 천안시 동남구 사직동 202-18,36.80065509,127.1490456,남산중앙시장 주차장,4,0,,,,2015,충청남도 천안시 동남구청,041-521-4426,2022-07-01
"천안동남-F0028",충청남도,천안시 동남구,시도,,청수6로,3,충청남도 천안시 동남구 청수6로 60,충청남도 천안시 동남구 청당동 718,36.78599449,127.1581258,국민연금공단,4,0,,,,2015,충청남도 천안시 동남구청,041-521-4426,2022-07-01
"천안동남-F0029",충청남도,천안시 동남구,시도,,버들로,3,충청남도 천안시 동남구 버들로 40,충청남도 천안시 동남구 문화동 112-1,36.80663602,127.1511761,동남구청 앞,4,0,,,,2015,충청남도 천안시 동남구청,041-521-4426,2022-07-01
"천안동남-F0030",충청남도,천안시 동남구,시도,,터미널8길,3,충청남도 천안시 동남구 터미널8길 7,충청남도 천안시 동남구 신부동 628,36.82226552,127.1579871,신부동우체국 주변,4,0,,,,2015,충청남도 천안시 동남구청,041-521-4426,2022-07-01
"천안동남-F0031",충청남도,천안시 동남구,시도,,신촌로,3,충청남도 천안시 동남구 신촌로 7,충청남도 천안시 동남구 신방동 903,36.78931611,127.1201964,삼일원앙아파트,4,0,,,,2015,충청남도 천안시 동남구청,041-521-4426,2022-07-01
"천안동남-F0032",충청남도,천안시 동남구,시도,,차돌로,3,충청남도 천안시 동남구 차돌로 51,충청남도 천안시 동남구 봉명동 20-2,36.80125391,127.1358383,봉명역,4,0,,,,2015,충청남도 천안시 동남구청,041-521-4426,2022-07-01
"천안동남-F0033",충청남도,천안시 동남구,시도,,서부대로,3,,충청남도 천안시 동남구 신방동 898,36.79144702,127.1293487,신방부동산 앞,4,0,,,,2015,충청남도 천안시 동남구청,041-521-4426,2022-07-01
"천안동남-F0034",충청남도,천안시 동남구,시도,,중앙로,3,,충청남도 천안시 동남구 성황동 92-3,36.81235407,127.1530968,성황동 휴대폰거리,4,0,,,,2015,충청남도 천안시 동남구청,041-521-4426,2022-07-01
"천안동남-F0035",충청남도,천안시 동남구,지방도,1,만남로,3,충청남도 천안시 동남구 만남로 84,충청남도 천안시 동남구 신부동 494-7,36.82022392,127.1611143,대림한숲아파트 앞,4,0,,,,2015,충청남도 천안시 동남구청,041-521-4426,2022-07-01
"천안동남-F0036",충청남도,천안시 동남구,지방도,1,만남로,3,충청남도 천안시 동남구 만남로 13,충청남도 천안시 동남구 신부동 363-13,36.81907226,127.1537291,태현빌딩,4,0,,,,2015,충청남도 천안시 동남구청,041-521-4426,2022-07-01
"천안동남-F0037",충청남도,천안시 동남구,시도,,대흥로,3,충청남도 천안시 동남구 대흥로 189,충청남도 천안시 동남구 대흥동 270-2,36.80516868,127.146351,온양나드리 공구상가,4,0,,,,2013,충청남도 천안시 동남구청,041-521-4426,2022-07-01
"천안동남-F0038",충청남도,천안시 동남구,시도,,대흥로,3,충청남도 천안시 동남구 대흥로 288,충청남도 천안시 동남구 성황동 71-1,36.81352818,127.1496655,혜강병원,4,0,,,,2013,충청남도 천안시 동남구청,041-521-4426,2022-07-01
"천안동남-F0039",충청남도,천안시 동남구,시도,,버들로,3,충청남도 천안시 동남구 버들로 21,충청남도 천안시 동남구 문화동 63-9,36.80880303,127.1505022,동남구청 삼거리,4,0,,,,2013,충청남도 천안시 동남구청,041-521-4426,2022-07-01
"천안동남-F0040",충청남도,천안시 동남구,지방도,1,만남로,3,충청남도 천안시 동남구 만남로 9,충청남도 천안시 동남구 신부동 966,36.8193197,127.1530426,방죽안오거리,4,0,,,,2013,충청남도 천안시 동남구청,041-521-4426,2022-07-01
"천안동남-F0041",충청남도,천안시 동남구,시도,,대흥로,3,충청남도 천안시 동남구 대흥로 229,충청남도 천안시 동남구 대흥동 299-3,36.80866491,127.1475674,천안역 GS25,4,0,,,,2013,충청남도 천안시 동남구청,041-521-4426,2022-07-01
"천안동남-F0042",충청남도,천안시 동남구,시도,,신용로,3,충청남도 천안시 동남구 신용로 56,충청남도 천안시 동남구 다가동 367-1,36.80115213,127.1429552,동양장여관 앞,4,0,,,,2013,충청남도 천안시 동남구청,041-521-4426,2022-07-01
"천안동남-F0043",충청남도,천안시 동남구,시도,,대흥로,3,충청남도 천안시 동남구 대흥로 328,충청남도 천안시 동남구 성황동 10-8,36.81682741,127.1510638,김성태 정형외과,4,0,,,,2013,충청남도 천안시 동남구청,041-521-4426,2022-07-01
"천안동남-F0044",충청남도,천안시 동남구,시도,,차돌로,3,충청남도 천안시 동남구 차돌로 98,충청남도 천안시 동남구 다가동 355-1,36.80167826,127.1409323,농협봉명지점 버스승강장,4,0,,,,2016,충청남도 천안시 동남구청,041-521-4426,2022-07-01
"천안동남-F0045",충청남도,천안시 동남구,시도,,영성로,3,충청남도 천안시 동남구 영성로 65,충청남도 천안시 동남구 오룡동 188-12,36.80421293,127.1500597,KEB하나은행,4,0,,,,2013,충청남도 천안시 동남구청,041-521-4426,2022-07-01
"천안동남-F0046",충청남도,천안시 동남구,군도,,충절로,3,충청남도 천안시 동남구 충절로 273,충청남도 천안시 동남구 구성동 464-4,36.79463075,127.1598354,충절오거리,4,0,,,,2013,충청남도 천안시 동남구청,041-521-4426,2022-07-01
"천안동남-F0047",충청남도,천안시 동남구,지방도,23,망향로,3,충청남도 천안시 동남구 망향로 187,충청남도 천안시 동남구 안서동 447-10,36.83988585,127.1737934,단국대학교 병원 입구,4,0,,,,2014,충청남도 천안시 동남구청,041-521-4426,2022-07-01
"천안동남-F0048",충청남도,천안시 동남구,시도,,각원사길,3,충청남도 천안시 동남구 각원사길 60,충청남도 천안시 동남구 안서동 234-10,36.83073577,127.1785328,동보아파트 입구,4,0,,,,2014,충청남도 천안시 동남구청,041-521-4426,2022-07-01
"천안동남-F0049",충청남도,천안시 동남구,지방도,1,만남로,3,충청남도 천안시 동남구 만남로 68,충청남도 천안시 동남구 신부동 468-4,36.81933927,127.1596219,삼부르네상스,4,0,,,,2014,충청남도 천안시 동남구청,041-521-4426,2022-07-01
"천안동남-F0050",충청남도,천안시 동남구,지방도,1,만남로,3,충청남도 천안시 동남구 만남로 43,충청남도 천안시 동남구 신부동 363-2,36.81932676,127.1578511,신세계백화점,4,0,,,,2014,충청남도 천안시 동남구청,041-521-4426,2022-07-01
"천안동남-F0051",충청남도,천안시 동남구,지방도,1,만남로,3,충청남도 천안시 동남구 만남로 20,충청남도 천안시 동남구 신부동 454-2,36.81844515,127.1542516,신부동 농협중앙회,4,0,,,,2014,충청남도 천안시 동남구청,041-521-4426,2022-07-01
"천안동남-F0052",충청남도,천안시 동남구,시도,,중앙로,3,충청남도 천안시 동남구 중앙로 188,충청남도 천안시 동남구 성황동 4,36.81449085,127.154508,북중학교,4,0,,,,2014,충청남도 천안시 동남구청,041-521-4426,2022-07-01
"천안동남-F0053",충청남도,천안시 동남구,군도,,충절로,3,충청남도 천안시 동남구 충절로 199,충청남도 천안시 동남구 원성동 564-1,36.80099884,127.159385,원성동 KB손해보험,4,0,,,,2014,충청남도 천안시 동남구청,041-521-4426,2022-07-01
"천안동남-F0054",충청남도,천안시 동남구,시도,,충무로,3,충청남도 천안시 동남구 충무로 506,충청남도 천안시 동남구 구성동 432-3,36.79850871,127.1615264,한국전기안전공사 주변,4,0,,,,2014,충청남도 천안시 동남구청,041-521-4426,2022-07-01
"천안동남-F0055",충청남도,천안시 동남구,시도,,영성로,3,충청남도 천안시 동남구 영성로 13,충청남도 천안시 동남구 사직동 275-7,36.79942389,127.1507849,천안장갑 앞,4,0,,,,2014,충청남도 천안시 동남구청,041-521-4426,2022-07-01
"천안동남-F0056",충청남도,천안시 동남구,시도,,서부대로,3,충청남도 천안시 동남구 서부대로 227,충청남도 천안시 동남구 신방동 49-33,36.78861087,127.128462,향촌현대아파트 주변,4,0,,,,2014,충청남도 천안시 동남구청,041-521-4426,2022-07-01
"천안동남-F0057",충청남도,천안시 동남구,시도,,신촌4로,3,충청남도 천안시 동남구 신촌4로 17,충청남도 천안시 동남구 신방동 87-9,36.78778454,127.1239225,신촌초등학교,4,0,,,,2014,충청남도 천안시 동남구청,041-521-4426,2022-07-01
"천안동남-F0058",충청남도,천안시 동남구,시도,,청수로,3,충청남도 천안시 동남구 청수로 74,충청남도 천안시 동남구 청수동 202-9,36.78971264,127.1550646,청수극동아파트 사거리,4,0,,,,2014,충청남도 천안시 동남구청,041-521-4426,2022-07-01
"천안동남-F0059",충청남도,천안시 동남구,지방도,1,만남로,3,충청남도 천안시 동남구 만남로 52,충청남도 천안시 동남구 신부동 462-7,36.81865995,127.1578584,터미널사거리,4,0,,,,2014,충청남도 천안시 동남구청,041-521-4426,2022-07-01
"천안동남-F0060",충청남도,천안시 동남구,시도,,원거리7길,3,충청남도 천안시 동남구 원거리7길 2,충청남도 천안시 동남구 원성동 601-2,36.79889551,127.1537827,남산파출소 앞,4,0,,,,2016,충청남도 천안시 동남구청,041-521-4426,2022-07-01
"천안동남-F0061",충청남도,천안시 동남구,시도,,청수로,3,충청남도 천안시 동남구 청수로 91,충청남도 천안시 동남구 청수동 206,36.79129354,127.1556029,청수극동아파트,4,0,,,,2016,충청남도 천안시 동남구청,041-521-4426,2022-07-01
"천안동남-F0062",충청남도,천안시 동남구,군도,,충절로,3,충청남도 천안시 동남구 충절로 311,충청남도 천안시 동남구 구성동 301-4,36.79188291,127.1624985,향목그라비스,4,0,,,,2016,충청남도 천안시 동남구청,041-521-4426,2022-07-01
"천안동남-F0063",충청남도,천안시 동남구,시도,,신부7길,3,충청남도 천안시 동남구 신부7길 5-1,충청남도 천안시 동남구 신부동 84-1,36.8155111,127.1585989,신부동 경남아너스빌,4,0,,,,2016,충청남도 천안시 동남구청,041-521-4426,2022-07-01
"천안동남-F0064",충청남도,천안시 동남구,군도,,충절로,3,충청남도 천안시 동남구 충절로 181,충청남도 천안시 동남구 원성동546-10,36.8026922,127.1592657,천안침례교회 앞,4,0,,,,2016,충청남도 천안시 동남구청,041-521-4426,2022-07-01
"천안동남-F0065",충청남도,천안시 동남구,시도,,일봉로,3,충청남도 천안시 동남구 일봉로 8,충청남도 천안시 동남구 신방동878,36.79340321,127.1294387,성지새말오거리,4,0,,,,2016,충청남도 천안시 동남구청,041-521-4426,2022-07-01
"천안동남-F0066",충청남도,천안시 동남구,시도,,대흥로,3,충청남도 천안시 동남구 대흥로 243,충청남도 천안시 동남구 대흥동 30-6,36.80978572,127.148037,천안역 동부광장 입구,4,0,,,,2013,충청남도 천안시 동남구청,041-521-4426,2022-07-01
"천안동남-F0067",충청남도,천안시 동남구,지방도,1,천안대로,3,충청남도 천안시 동남구 천안대로 819,충청남도 천안시 동남구 신부동 495-7,36.82077333,127.1623525,세종웨딩홀,4,0,,,,2016,충청남도 천안시 동남구청,041-521-4426,2022-07-01
"천안동남-F0068",충청남도,천안시 동남구,지방도,1,만남로,3,충청남도 천안시 동남구 만남로 38,충청남도 천안시 동남구 신부동 461-6,36.81849574,127.1563022,신부동 종합터미널 승강장,4,0,,,,2016,충청남도 천안시 동남구청,041-521-4426,2022-07-01
"천안동남-F0069",충청남도,천안시 동남구,군도,,충절로,3,충청남도 천안시 동남구 충절로 20,충청남도 천안시 동남구 신부동 466-6,36.81733621,127.1579962,신부문화회관 주변,4,0,,,,2016,충청남도 천안시 동남구청,041-521-4426,2022-07-01
"천안동남-F0070",충청남도,천안시 동남구,시도,,청수5로,3,충청남도 천안시 동남구 청수5로 3,충청남도 천안시 동남구 청당동 506,36.78311206,127.1544937,동천안우체국 주변,4,0,,,,2016,충청남도 천안시 동남구청,041-521-4426,2022-07-01
"천안동남-F0071",충청남도,천안시 동남구,시도,,청수14로,3,충청남도 천안시 동남구 청수14로 56,충청남도 천안시 동남구 청당동 490,36.78393679,127.1526137,청당동 우리은행 앞,4,0,,,,2016,충청남도 천안시 동남구청,041-521-4426,2022-07-01
"천안동남-F0072",충청남도,천안시 동남구,군도,,충절로,3,충청남도 천안시 동남구 목천읍 충절로 896,충청남도 천안시 동남구 목천읍 신계리 134-9,36.77333736,127.2100958,목천 프라임아파트,4,0,,,,2016,충청남도 천안시 동남구청,041-521-4426,2022-07-01
"천안동남-F0073",충청남도,천안시 동남구,시도,,대흥로,3,충청남도 천안시 동남구 대흥로 36,충청남도 천안시 동남구 구성동 483-6,36.79706378,127.1572653,구성동 휴먼시아 정문,4,0,,,,2016,충청남도 천안시 동남구청,041-521-4426,2022-07-01
"천안동남-F0074",충청남도,천안시 동남구,시도,,일봉로,3,충청남도 천안시 동남구 일봉로 97,충청남도 천안시 동남구 용곡동 229,36.7901012,127.1375992,용곡 동일하이빌3차,4,0,,,,2016,충청남도 천안시 동남구청,041-521-4426,2022-07-01
"천안동남-F0075",충청남도,천안시 동남구,시도,,일봉로,3,충청남도 천안시 동남구 일봉로 87-20,충청남도 천안시 동남구 용곡동 465-30,36.79154553,127.1391853,용곡동 이선미영어학원,4,0,,,,2016,충청남도 천안시 동남구청,041-521-4426,2022-07-01
"천안동남-F0076",충청남도,천안시 동남구,시도,,봉명로,3,충청남도 천안시 동남구 봉명로 113,충청남도 천안시 동남구 봉명동 48-47,36.80698732,127.1410972,봉명동 장수빌 앞,4,0,,,,2016,충청남도 천안시 동남구청,041-521-4426,2022-07-01
"천안동남-F0077",충청남도,천안시 동남구,시도,,통정6로,3,충청남도 천안시 동남구 통정6로 5-5,충청남도 천안시 동남구 신방동 1883,36.77298555,127.1347773,"통정6로,통정11로 교차점",4,0,,,,2017,충청남도 천안시 동남구청,041-521-4426,2022-07-01
"천안동남-F0078",충청남도,천안시 동남구,시도,,청당2길,3,충청남도 천안시 동남구 청당2길 117,충청남도 천안시 동남구 청당동 143-17,36.7802757,127.1560932,청당동 벽산아파트,4,0,,,,2017,충청남도 천안시 동남구청,041-521-4426,2022-07-01
"천안동남-F0079",충청남도,천안시 동남구,시도,,청수12로,3,충청남도 천안시 동남구 청수12로 5-27,충청남도 천안시 동남구 청당동 753,36.78387762,127.1595269,가온동물병원 앞,4,0,,,,2017,충청남도 천안시 동남구청,041-521-4426,2022-07-01
"천안동남-F0080",충청남도,천안시 동남구,시도,,청당2길,3,충청남도 천안시 동남구 청당2길 94,충청남도 천안시 동남구 청당동 300,36.780045,127.1515249,청당초등학교 정문,4,0,,,,2018,충청남도 천안시 동남구청,041-521-4426,2022-07-01
"천안동남-F0081",충청남도,천안시 동남구,군도,,성남로,3,충청남도 천안시 동남구 목천읍 충절로 846,충청남도 천안시 동남구 목천읍 신계리 330-3,36.7703517,127.2056121,승천삼거리,4,0,,,,2018,충청남도 천안시 동남구청,041-521-4426,2022-07-01
"천안동남-F0082",충청남도,천안시 동남구,시도,,용곡2길,3,충청남도 천안시 동남구 용곡2길 43-22,충청남도 천안시 동남구 용곡동 477,36.78915448,127.135044,용곡동 셀라유치원 주변,4,0,,,,2018,충청남도 천안시 동남구청,041-521-4426,2022-07-01
"천안동남-F0083",충청남도,천안시 동남구,시도,,북일로,3,충청남도 천안시 동남구 북일로 70,충청남도 천안시 동남구 신부동 978,36.82701788,127.1558949,신부동 힐스테이트,4,0,,,,2018,충청남도 천안시 동남구청,041-521-4426,2022-07-01
"천안동남-F0084",충청남도,천안시 동남구,시도,,청당2길,3,충청남도 천안시 동남구 청당3길 147,충청남도 천안시 동남구 청당동 980,36.78021233,127.1611577,두산위브 정문,4,0,,,,2018,충청남도 천안시 동남구청,041-521-4426,2022-07-01
"천안동남-F0085",충청남도,천안시 동남구,시도,,청당3길,3,충청남도 천안시 동남구 청당3길 147,충청남도 천안시 동남구 청당동 980,36.78021233,127.1611577,두산위브 후문,4,0,,,,2018,충청남도 천안시 동남구청,041-521-4426,2022-07-01
"천안동남-F0086",충청남도,천안시 동남구,시도,,봉명로,3,충청남도 천안시 동남구 봉명로 53,충청남도 천안시 동남구 봉명동 225,36.80729122,127.1345266,봉서로(봉서산아이파크),4,0,,,,2019,충청남도 천안시 동남구청,041-521-4426,2022-07-01
"천안동남-F0087",충청남도,천안시 동남구,지방도,1,천안대로,3,충청남도 천안시 동남구 천안대로 797,충청남도 천안시 동남구 신부동 501-17,36.81913543,127.1639507,동문굿모닝힐 정문,4,0,,,,2019,충청남도 천안시 동남구청,041-521-4426,2022-07-01
"천안동남-F0088",충청남도,천안시 동남구,시도,,광풍로,3,충청남도 천안시 동남구 광풍로 1869,충청남도 천안시 동남구 청당동 446,36.78523304,127.1461013,청당타임스퀘어,4,0,,,,2019,충청남도 천안시 동남구청,041-521-4426,2022-07-01
"천안동남-F0089",충청남도,천안시 동남구,시도,,통정8로,3,충청남도 천안시 동남구 통정9로 58,충청남도 천안시 동남구 신방동 1924,36.77099295,127.1309239,새샘초등학교 후문 부근,4,0,,,,2020,충청남도 천안시 동남구청,041-521-4426,2022-07-01
"천안동남-F0090",충청남도,천안시 동남구,시도,,버들로,3,충청남도 천안시 동남구 중앙로 88,충청남도 천안시 동남구 오룡동 51-6,36.80606841,127.1524599,버들육거리,4,0,,,,2020,충청남도 천안시 동남구청,041-521-4426,2022-07-01
"천안동남-F0091",충청남도,천안시 동남구,시도,,광풍로,3,충청남도 천안시 동남구 청당동 1000,충청남도 천안시 동남구 청당동 1000,36.78064018,127.1452783,꿈동산 어린이집,4,0,,,,2021,충청남도 천안시 동남구청,041-521-4426,2022-07-01
"천안동남-F0092",충청남도,천안시 동남구,시도,,먹거리11길,3,"충청남도 천안시 동남구 먹거리11길 37, (신부동)",충청남도 천안시 동남구 신부동 462-14,36.81838999,127.1566396,신부동 문화거리,4,0,,,,2021,충청남도 천안시 동남구청,041-521-4426,2022-07-01
"천안동남-F0093",충청남도,천안시 동남구,시도,,먹거리4길,3,"충청남도 천안시 동남구 먹거리4길 11, (신부동)",충청남도 천안시 동남구 신부동 459-8,36.81779328,127.1563659,신부동 문화거리,4,0,,,,2021,충청남도 천안시 동남구청,041-521-4426,2022-07-01
"천안동남-F0094",충청남도,천안시 동남구,시도,,먹거리1길,3,"충청남도 천안시 동남구 먹거리1길 10, (신부동)",충청남도 천안시 동남구 신부동 453-1,36.81780937,127.1535524,신부동 문화거리(신안파출소),4,0,,,,2021,충청남도 천안시 동남구청,041-521-4426,2022-07-01
"천안동남-F0095",충청남도,천안시 동남구,시도,,먹거리2길,3,"충청남도 천안시 동남구 먹거리2길 7, (신부동)",충청남도 천안시 동남구 신부동 453-2,36.81788289,127.1537534,신부동 문화거리(신안파출소),4,0,,,,2021,충청남도 천안시 동남구청,041-521-4426,2022-07-01
"천안동남-F0096",충청남도,천안시 동남구,시도,,먹거리1길,3,충청남도 천안시 동남구 먹거리1길 6(신부동),충청남도 천안시 동남구 신부동 453-8,36.817714,127.153839,안골식당,4,0,,,,2021,충청남도 천안시 동남구청,041-521-4426,2022-07-01
"천안동남-F0097",충청남도,천안시 동남구,시도,,먹거리5길,3,충청남도 천안시 동남구 먹거리5길 14-1(신부동),충청남도 천안시 동남구 신부동 466-10,36.817542,127.15761,국대돈까스 주변,4,0,,,,2021,충청남도 천안시 동남구청,041-521-4426,2022-07-01
"천안동남-F0098",충청남도,천안시 동남구,시도,,먹거리5길,3,충청남도 천안시 동남구 먹거리5길 12(신부동),충청남도 천안시 동남구 신부동 466-8,36.81721,127.157637,온천슈퍼 주변,4,0,,,,2021,충청남도 천안시 동남구청,041-521-4426,2022-07-01
"천안동남-F0099",충청남도,천안시 동남구,시도,,먹거리8길,3,충청남도 천안시 동남구 먹거리8길 19(신부동),충청남도 천안시 동남구 신부동 458-7,36.817233,127.155155,모던이미지 주변,4,0,,,,2021,충청남도 천안시 동남구청,041-521-4426,2022-07-01
"천안동남-F0100",충청남도,천안시 동남구,시도,,성황로,3,충청남도 천안시 동남구 원성동 224-5,충청남도 천안시 동남구 원성동 224-5,36.813636,127.161377,신안초등학교 정문,4,0,,,,2021,충청남도 천안시 동남구청,041-521-4426,2022-07-01
"천안동남-F0101",충청남도,천안시 동남구,시도,,터미널9길,3,충청남도 천안시 동남구 신부동 657,충청남도 천안시 동남구 신부동 657,36.822968,127.159542,신부초등학교 정문,4,0,,,,2021,충청남도 천안시 동남구청,041-521-4426,2022-07-01
"천안동남-F0102",충청남도,천안시 동남구,시도,,버들1길,3,충청남도 천안시 동남구 원성동 431-13,충청남도 천안시 동남구 원성동 431-13,36.80448,127.153243,남산초등학교 정문,4,0,,,,2021,충청남도 천안시 동남구청,041-521-4426,2022-07-01
"천안동남-F0103",충청남도,천안시 동남구,시도,,풍세로,3,충청남도 천안시 동남구 용곡동 116-99,충청남도 천안시 동남구 용곡동 116-99,36.781001,127.140486,청룡초등학교 정문,4,0,,,,2021,충청남도 천안시 동남구청,041-521-4426,2022-07-01
"천안동남-F0104",충청남도,천안시 동남구,시도,,충절로,3,충청남도 천안시 동남구 구성동 524,충청남도 천안시 동남구 구성동 524,36.792343,127.159184,구성초등학교 정문,4,0,,,,2021,충청남도 천안시 동남구청,041-521-4426,2022-07-01
"천안동남-F0105",충청남도,천안시 동남구,시도,,청수로,3,충청남도 천안시 동남구 청수동 271번지,충청남도 천안시 동남구 청수동 271번지,36.787734,127.150905,청수초등학교 정문,4,0,,,,2021,충청남도 천안시 동남구청,041-521-4426,2022-07-01
"천안동남-F0106",충청남도,천안시 동남구,시도,,청당5로,3,충청남도 천안시 동남구 청당동 302-4,충청남도 천안시 동남구 청당동 302-4,36.779041,127.15224,청당초(한양수자인)부근,4,0,,,,2021,충청남도 천안시 동남구청,041-521-4426,2022-07-01
"천안동남-F0107",충청남도,천안시 동남구,시도,,아우네3로,3,충청남도 천안시 동남구 병천면 병천리 123-3,충청남도 천안시 동남구 병천면 병천리 123-3,36.764773,127.300878,병천초 원형로타리부근,4,0,,,,2021,충청남도 천안시 동남구청,041-521-4426,2022-07-01
"천안동남-F0108",충청남도,천안시 동남구,시도,,충절로,3,충청남도 천안시 동남구 목천읍 신계리 348-4,충청남도 천안시 동남구 목천읍 신계리 348-4,36.769733,127.202927,신계초등학교 정문,4,0,,,,2021,충청남도 천안시 동남구청,041-521-4426,2022-07-01
"천안동남-F0109",충청남도,천안시 동남구,시도,,단대로,3,충청남도 천안시 동남구 신부동 299-16,충청남도 천안시 동남구 신부동 299-16,36.82591,127.154706,희망초등학교 정문,4,0,,,,2021,충청남도 천안시 동남구청,041-521-4426,2022-07-01
"천안동남-F0110",충청남도,천안시 동남구,지방도,1,천안대로,3,충청남도 천안시 동남구 신부동 508-4,충청남도 천안시 동남구 신부동 508-4,36.817515,127.164978,신부 동문굿모닝힐 후문,4,0,,,,2021,충청남도 천안시 동남구청,041-521-4426,2022-07-01
"천안동남-F0111",충청남도,천안시 동남구,시도,,청수11로,3,충청남도 천안시 동남구 청당동 498,충청남도 천안시 동남구 청당동 498,36.783011,127.15326,청당 하나로마트 앞,4,0,,,,2021,충청남도 천안시 동남구청,041-521-4426,2022-07-01
"천안동남-F0112",충청남도,천안시 동남구,시도,,청당산업길,3,충청남도 천안시 동남구 구룡동 산73-8,충청남도 천안시 동남구 구룡동 산73-8,36.766423,127.164363,중부화물터미널 삼거리,4,0,,,,2021,충청남도 천안시 동남구청,041-521-4426,2022-07-01
