무인교통단속카메라관리번호,시도명,시군구명,도로종류,도로노선번호,도로노선명,도로노선방향,소재지도로명주소,소재지지번주소,위도,경도,설치장소,단속구분,제한속도,설치연도,관리기관명,관리기관전화번호,데이터기준일자
F7219,세종특별자치시,없음,일반국도,1,세종로,2,,세종특별자치시 소정면 대곡리 322-2,36.72849451,127.1650877,"세종특별자치시 소정면 세종로 4679, (은산제2주유소 앞)",1,80,2013,세종특별자치시경찰청,044-559-2151,2022-05-20
F7460,세종특별자치시,없음,지방도,327,의당전의로,1,,세종특별자치시 장군면 송학리 113-4,36.52781004,127.1845031,세종특별자치시 장군면 의당전의로 송학1리 마을입구 공주방향,1,60,2014,세종특별자치시경찰청,044-559-2151,2022-05-20
F7461,세종특별자치시,없음,지방도,327,의당전의로,1,,세종특별자치시 장군면 송학리 113-4,36.52781004,127.1845031,세종특별자치시 장군면 의당전의로 송학1리 마을입구 세종방향,1,60,2014,세종특별자치시경찰청,044-559-2151,2022-05-20
F7641,세종특별자치시,없음,일반국도,1,세종로,1,,세종특별자치시 조치원읍 침산리 34-5,36.60311733,127.2898405,세종특별자치시 조치원읍 세종로 욱일사거리(신봉초교 앞) (대전→천안),2,50,2014,세종특별자치시경찰청,044-559-2151,2022-05-20
F7642,세종특별자치시,없음,일반국도,1,세종로,1,,세종특별자치시 소정면 운당리 32-5,36.69790675,127.1526293,세종특별자치시 소정면 세종로 무궁화@앞(천안 방향),2,80,2014,세종특별자치시경찰청,044-559-2151,2022-05-20
F7643,세종특별자치시,없음,일반국도,1,세종로,1,,세종특별자치시 전의면 유천리 590,36.67922222,127.1845556,세종특별자치시 전의면 세종로 영상주유소 건너편,1,80,2014,세종특별자치시경찰청,044-559-2151,2022-05-20
F7644,세종특별자치시,없음,지방도,1,세종로,1,,세종특별자치시 금남면 두만리 259-1,36.42782247,127.2900015,세종특별자치시 금남면 세종로 (두만2리 앞),1,80,2014,세종특별자치시경찰청,044-559-2151,2022-05-20
F7666,세종특별자치시,없음,일반국도,43,정안세종로,1,,세종특별자치시 연기면 수산리 123,36.54064717,127.2323292,세종특별자치시 연기면 정안세종로 수산교차로 400m전 (세종방향),1,80,2014,세종특별자치시경찰청,044-559-2151,2022-05-20
F7667,세종특별자치시,없음,일반국도,43,정안세종로,2,,세종특별자치시 연기면 수산리 123,36.54064717,127.2323292,세종특별자치시 연기면 정안세종로 수산교차로 (정안방향),1,80,2014,세종특별자치시경찰청,044-559-2151,2022-05-20
F8280,세종특별자치시,없음,시도,,가름로,2,,세종특별자치시 종촌동 710,36.49916172,127.2504936,세종특별자치시 다정동 가름로 가재마을아파트 803동 옆 사거리,2,50,2015,세종특별자치시경찰청,044-559-2151,2022-05-20
F8281,세종특별자치시,없음,시도,,절재로,2,,세종특별자치시 아름동 1456,36.50783305,127.2486141,세종특별자치시 아름동 절재로 나래초등학교 옆 사거리,2,50,2015,세종특별자치시경찰청,044-559-2151,2022-05-20
F8282,세종특별자치시,없음,시도,,가름로,2,,세종특별자치시 종촌동 710,36.49969456,127.2404603,세종특별자치시 종촌동 가름로 다빛초등학교 앞 사거리,2,50,2015,세종특별자치시경찰청,044-559-2151,2022-05-20
F8283,세종특별자치시,없음,시도,,가름로,2,,세종특별자치시 어진동 756,36.49875381,127.2551186,세종특별자치시 종촌동 가름로 가재마을아파트 906동 옆,1,50,2015,세종특별자치시경찰청,044-559-2151,2022-05-20
F8634,세종특별자치시,없음,일반국도,1,세종로,2,세종특별자치시 연서면 봉암길 22,세종특별자치시 연서면 봉암리 607-4,36.56084793,127.282931,세종특별자치시 연서면 세종로 봉암SK주유소 앞,1,80,2016,세종특별자치시경찰청,044-559-2151,2022-05-20
F8635,세종특별자치시,없음,일반국도,1,세종로,1,,세종특별자치시 금남면 발산리 231-4,36.45392658,127.2841815,"세종특별자치시 금남면 발산리 150-2, 발산교차로",1,80,2016,세종특별자치시경찰청,044-559-2151,2022-05-20
F8636,세종특별자치시,없음,시도,,갈매로,1,,세종특별자치시 대평동 643,36.46940665,127.2748595,"세종특별자치시 대평동 갈매로 종합운동장 교차로 (구,대평4가)",2,50,2016,세종특별자치시경찰청,044-559-2151,2022-05-20
F9066,세종특별자치시,없음,지방도,1,세종로,2,,세종특별자치시 종촌동 709,36.50522222,127.2413333,세종특별자치시 종촌동 세종로 1150 가재마을 4단지 앞 (세종→천안),2,50,2016,세종특별자치시경찰청,044-559-2151,2022-05-20
F9067,세종특별자치시,없음,지방도,1,세종로,1,,세종특별자치시 종촌동 709,36.50522222,127.2413333,세종특별자치시 고운동 세종로 1149 가락마을 7단지 앞 (천안→세종),2,50,2016,세종특별자치시경찰청,044-559-2151,2022-05-20
F9068,세종특별자치시,없음,지방도,1,세종로,2,,세종특별자치시 아름동 1477,36.5143846,127.241511,세종특별자치시 아름동 세종로 1260 가락마을 20단지 앞 (세종→천안),2,50,2016,세종특별자치시경찰청,044-559-2151,2022-05-20
F9069,세종특별자치시,없음,지방도,1,세종로,2,,세종특별자치시 아름동 1477,36.5143846,127.241511,세종특별자치시 고운동 세종로 1259 온빛초교 앞 (천안→세종),2,50,2016,세종특별자치시경찰청,044-559-2151,2022-05-20
F9616,세종특별자치시,없음,시도,,한누리대로,1,,세종특별자치시 소담동 36-8,36.48633333,127.3011111,세종특별자치시 보람동 한누리대로 보람초교 앞 4가 (시청→국책연구단지),2,30,2017,세종특별자치시경찰청,044-559-2151,2022-05-20
F9617,세종특별자치시,없음,시도,,한누리대로,2,,세종특별자치시 소담동 36-8,36.48633333,127.3011111,세종특별자치시 보람동 한누리대로 보람초교 앞 4가 (국책연구단지→시청),2,30,2017,세종특별자치시경찰청,044-559-2151,2022-05-20
F9618,세종특별자치시,없음,시도,,갈매로,1,,세종특별자치시 연기면 세종리 551-22,36.47992137,127.2696543,세종특별자치시 나성동 갈매로 금남교 전(세종청사→대전),1,50,2017,세종특별자치시경찰청,044-559-2151,2022-05-20
F9715,세종특별자치시,없음,일반국도,1,세종로,2,세종특별자치시 조치원읍 세종로 2540,세종특별자치시 조치원읍 서창리 50-4,36.61281049,127.2934677,세종특별자치시 조치원읍 세종로 2540  신안1리 사거리,2,50,2017,세종특별자치시경찰청,044-559-2151,2022-05-20
F9716,세종특별자치시,없음,지방도,96,가름로,1,,세종특별자치시 어진동 747,36.49592829,127.2656268,세종특별자치시 어진동 가름로 213 갈매교차로,2,50,2017,세종특별자치시경찰청,044-559-2151,2022-05-20
F9717,세종특별자치시,없음,시도,,한누리대로,2,,세종특별자치시 도담동 400,36.52489088,127.2612222,세종특별자치시 도담동 한누리대로 639  파란달교차로,2,50,2017,세종특별자치시경찰청,044-559-2151,2022-05-20
G0167,세종특별자치시,없음,시도,,행복대로,1,,세종특별자치시 보람동 700-44,36.47323344,127.2865614,세종특별자치시 대평동 행복대로 금남초교 100m전 (대평동→소담동),1,70,2017,세종특별자치시경찰청,044-559-2151,2022-05-20
G0168,세종특별자치시,없음,시도,,행복대로,2,,세종특별자치시 보람동 700-44,36.47323344,127.2865601,세종특별자치시 대평동 행복대로 금남초교 100m후 (소담동→대평동),1,70,2017,세종특별자치시경찰청,044-559-2151,2022-05-20
G0169,세종특별자치시,없음,지방도,96,한누리대로,2,,세종특별자치시 연동면 합강리 10-26,36.529444,127.3227778,세종특별자치시 연동면 한누리대로 너래교차로(세종→오송),2,50,2017,세종특별자치시경찰청,044-559-2151,2022-05-20
G0170,세종특별자치시,없음,지방도,96,연청로,1,,세종특별자치시 연동면 합강리 10-26,36.529444,127.3227778,세종특별자치시 연동면 연청로 너래교차로 (남청주→세종),2,50,2017,세종특별자치시경찰청,044-559-2151,2022-05-20
G0276,세종특별자치시,없음,시도,,갈매로,1,,세종특별자치시 도담동 903,36.51556223,127.2657541,세종특별자치시 도담동 갈매로 도램마을20단지 앞 (조치원→청사),2,50,2017,세종특별자치시경찰청,044-559-2151,2022-05-20
G0277,세종특별자치시,없음,시도,,절재로,2,,세종특별자치시 어진동 710,36.50709244,127.2700678,세종특별자치시 어진동 절재로 솔비타어린이집 앞 (국책연구단지→홈플러스),2,50,2017,세종특별자치시경찰청,044-559-2151,2022-05-20
G0278,세종특별자치시,없음,시도,,마음로,1,,세종특별자치시 고운동 2057,36.51114178,127.2296487,세종특별자치시 고운동 마음로 고운초교 앞 교차로 (으뜸초→고운초),2,30,2017,세종특별자치시경찰청,044-559-2151,2022-05-20
G0279,세종특별자치시,없음,시도,,어울로,2,,세종특별자치시 한솔동 1227,36.483444,127.2575444,세종특별자치시 한솔동 어울로 첫마을1단지 외곽도로(111동 뒷편) (첫마을→국세청),2,50,2017,세종특별자치시경찰청,044-559-2151,2022-05-20
G0280,세종특별자치시,없음,시도,,절재로,1,,세종특별자치시 어진동 710,36.50709244,127.2700678,세종특별자치시 어진동 절재로 세종소방서 앞 (홈플러스→국책연구단지),2,50,2017,세종특별자치시경찰청,044-559-2151,2022-05-20
G0281,세종특별자치시,없음,시도,,달빛로,2,,세종특별자치시 종촌동 704,36.50061111,127.2449722,세종특별자치시 종촌동 달빛1로 다빛초교 앞 (종촌중→다빛초),2,30,2017,세종특별자치시경찰청,044-559-2151,2022-05-20
G0849,세종특별자치시,없음,시도,,구즉세종로,1,,세종특별자치시 금남면 영대리 67-6,36.47429291,127.3361862,세종특별자치시 금남면 구즉세종로 (BRT도로) 대전방향,1,80,2018,세종특별자치시경찰청,044-559-2151,2022-05-20
G0859,세종특별자치시,없음,시도,,보람동로,1,,세종특별자치시 소담동 36-8,36.48633333,127.3011111,세종특별자치시 보람동 보람동로 보람초교 앞 4가 (보람초교→금강),2,30,2018,세종특별자치시경찰청,044-559-2151,2022-05-20
G0860,세종특별자치시,없음,시도,,보람동로,2,,세종특별자치시 소담동 36-8,36.48633333,127.3011111,세종특별자치시 보람동 보람동로 보람초교 앞 4가 (금강→보람초교),2,30,2018,세종특별자치시경찰청,044-559-2151,2022-05-20
G1115,세종특별자치시,없음,일반국도,1,세종로,2,,세종특별자치시 조치원읍 침산리 34-5,36.60311111,127.289751,세종특별자치시 조치원읍 세종로 욱일사거리(신봉초교 앞) (천안→대전),2,50,2018,세종특별자치시경찰청,044-559-2151,2022-05-20
G1216,세종특별자치시,없음,일반국도,36,장기로,2,,세종특별자치시 장군면 봉안리 366-1,36.49874699,127.2221807,"세종특별자치시 장군면 장기로 봉안교차로(봉안리, 세종→공주)",2,60,2018,세종특별자치시경찰청,044-559-2151,2022-05-20
G1217,세종특별자치시,없음,일반국도,36,장기로,1,,세종특별자치시 장군면 봉안리 508,36.49888427,127.224557,"세종특별자치시 장군면 장기로 봉안교차로(봉안리, 공주→세종)",2,60,2018,세종특별자치시경찰청,044-559-2151,2022-05-20
G1434,세종특별자치시,없음,시도,,연서로,2,,세종특별자치시 연서면 신대리 594,36.58130208,127.2561119,"세종특별자치시 연서면 연서로 148, 연서초교 앞(고복저수지→조치원)",1,30,2018,세종특별자치시경찰청,044-559-2151,2022-05-20
G1435,세종특별자치시,없음,시도,,연서로,1,,세종특별자치시 연서면 신대리 33-2,36.58195881,127.2538283,"세종특별자치시 연서면 연서로 149, 연서초교 앞(조치원→고복저수지)",1,30,2018,세종특별자치시경찰청,044-559-2151,2022-05-20
G1436,세종특별자치시,없음,시도,,운주산로,2,,세종특별자치시 전의면 읍내리 356-4,36.67940942,127.2038613,"세종특별자치시 전의면 운주산로 1204-9, 전의초교 앞(읍내리,천안→조치원)",1,30,2018,세종특별자치시경찰청,044-559-2151,2022-05-20
G1437,세종특별자치시,없음,시도,,운주산로,2,,세종특별자치시 전의면 읍내리 254-34,36.67947395,127.2038506,"세종특별자치시 전의면 운주산로 1204-10, 전의초교 앞(읍내리,조치원→천안)",1,30,2018,세종특별자치시경찰청,044-559-2151,2022-05-20
G1438,세종특별자치시,없음,시도,,소정구길,1,,세종특별자치시 소정면 소정리 49-2,36.71965852,127.1569111,"세종특별자치시 소정면 소정구길 188, 소정초교 앞(소정리, 천안→조치원)",1,30,2018,세종특별자치시경찰청,044-559-2151,2022-05-20
G1439,세종특별자치시,없음,시도,,소정구길,2,,세종특별자치시 소정면 소정리 164-4,36.7209136,127.1574528,"세종특별자치시 소정면 소정구길 189, 소정초교 앞(소정리, 조치원→천안)",1,30,2018,세종특별자치시경찰청,044-559-2151,2022-05-20
G1440,세종특별자치시,없음,시도,,도움로,1,,세종특별자치시 어진동 693,36.5034523,127.2569102,"세종특별자치시 어진동 도움3로 37, 연양초교 앞(고운동→청사)",2,30,2018,세종특별자치시경찰청,044-559-2151,2022-05-20
G1441,세종특별자치시,없음,시도,,도움로,2,,세종특별자치시 어진동 693,36.5034523,127.2569102,"세종특별자치시 어진동 도움3로 37, 연양초교 앞(청사→고운동)",2,30,2018,세종특별자치시경찰청,044-559-2151,2022-05-20
G1442,세종특별자치시,없음,시도,,만남로,1,,세종특별자치시 고운동 2057,36.51114178,127.2296487,"세종특별자치시 고운동 만남로 223, 두루초교 앞(고운동복컴→국제고)",2,30,2018,세종특별자치시경찰청,044-559-2151,2022-05-20
G1443,세종특별자치시,없음,시도,,새롬남로,1,,세종특별자치시 새롬동 341-77,36.48454796,127.2529697,"세종특별자치시 새롬동 새롬남로 75, 새뜸초교 앞(국세청→사오리지하차도)",2,30,2018,세종특별자치시경찰청,044-559-2151,2022-05-20
G1444,세종특별자치시,없음,시도,,새롬남로,2,,세종특별자치시 새롬동 341-77,36.48462385,127.2533536,"세종특별자치시 새롬동 새롬남로 75, 새뜸초교 앞(사오리지하차도→국세청)",2,30,2018,세종특별자치시경찰청,044-559-2151,2022-05-20
G1445,세종특별자치시,없음,시도,,노을로,2,,세종특별자치시 한솔동 1231,36.48024414,127.2587373,"세종특별자치시 한솔동 노을1로 29, 참샘초교 앞(한솔동주민센터→나성동)",2,30,2018,세종특별자치시경찰청,044-559-2151,2022-05-20
G1446,세종특별자치시,없음,시도,,노을로,1,,세종특별자치시 한솔동 1231,36.4797136,127.2583441,"세종특별자치시 한솔동 노을1로 29, 참샘초교 앞(나성동→한솔동주민센터)",2,30,2018,세종특별자치시경찰청,044-559-2151,2022-05-20
G1447,세종특별자치시,없음,시도,,대첩로,2,,세종특별자치시 조치원읍 신흥리 76-4,36.59542706,127.2934389,"세종특별자치시 조치원읍 대동학교길 11, 대동초교 앞(신흥리, 신흥사거리→조치원역)",2,30,2018,세종특별자치시경찰청,044-559-2151,2022-05-20
G1448,세종특별자치시,없음,시도,,대첩로,2,,세종특별자치시 조치원읍 신흥리 63-22,36.59553517,127.292948,"세종특별자치시 조치원읍 대동학교길 12, 대동초교 앞(신흥리, 조치원역→신흥사거리)",2,30,2018,세종특별자치시경찰청,044-559-2151,2022-05-20
G1449,세종특별자치시,없음,시도,,달빛로,1,,세종특별자치시 아름동 1458,36.51366991,127.2504673,"세종특별자치시 아름동 달빛로 174, 아름초교 앞(국제고→한솔동)",2,40,2018,세종특별자치시경찰청,044-559-2151,2022-05-20
G1450,세종특별자치시,없음,시도,,달빛로,2,,세종특별자치시 아름동 1458,36.51366991,127.2504673,"세종특별자치시 아름동 달빛로 174, 아름초교 앞(한솔동→국제고)",2,30,2018,세종특별자치시경찰청,044-559-2151,2022-05-20
G1451,세종특별자치시,없음,시도,,마음로,1,,세종특별자치시 고운동 2057,36.51114178,127.2296487,"세종특별자치시 고운동 마음로 132, 으뜸초교 앞(공주→고운동복컴)",2,30,2018,세종특별자치시경찰청,044-559-2151,2022-05-20
G1452,세종특별자치시,없음,시도,,마음로,2,,세종특별자치시 고운동 2057,36.51114178,127.2296487,"세종특별자치시 고운동 마음로 132, 으뜸초교 앞(고운동복컴→공주)",2,30,2018,세종특별자치시경찰청,044-559-2151,2022-05-20
G1453,세종특별자치시,없음,시도,,마음로,1,,세종특별자치시 고운동 2057,36.51114178,127.2296487,"세종특별자치시 고운동 마음로 208, 가락초교 앞(공주→고운동복컴)",2,30,2018,세종특별자치시경찰청,044-559-2151,2022-05-20
G1454,세종특별자치시,없음,시도,,마음로,2,,세종특별자치시 고운동 2057,36.51114178,127.2296563,"세종특별자치시 고운동 마음로 208, 가락초교 앞(고운동복컴→공주)",2,30,2018,세종특별자치시경찰청,044-559-2151,2022-05-20
G1455,세종특별자치시,없음,시도,,만남로,1,,세종특별자치시 고운동 2058,36.51165147,127.2337567,"세종특별자치시 고운동 만남로 47, 고운유치원 앞(온빛초→공주)",2,30,2018,세종특별자치시경찰청,044-559-2151,2022-05-20
G1456,세종특별자치시,없음,시도,,만남로,2,,세종특별자치시 고운동 2058,36.51165147,127.2337567,"세종특별자치시 고운동 만남로 47, 고운유치원 앞(공주→온빛초)",2,30,2018,세종특별자치시경찰청,044-559-2151,2022-05-20
G1457,세종특별자치시,없음,시도,,당산로,1,,세종특별자치시 연서면 봉암리 722-1,36.56538431,127.2846634,"세종특별자치시 연서면 당산로 384, 연봉초교 앞(봉암리, 청사→조치원)",2,30,2018,세종특별자치시경찰청,044-559-2151,2022-05-20
G1458,세종특별자치시,없음,시도,,당산로,1,,세종특별자치시 연서면 봉암리 722-1,36.56538431,127.2846634,"세종특별자치시 연서면 당산로 384, 연봉초교 앞(봉암리, 조치원→청사)",1,30,2018,세종특별자치시경찰청,044-559-2151,2022-05-20
G1459,세종특별자치시,없음,시도,,소담로,1,,세종특별자치시 소담동 32-24,36.48163474,127.3037226,"세종특별자치시 소담동 소담1로 35, 소담초교 앞(KDI→보람초)",2,30,2018,세종특별자치시경찰청,044-559-2151,2022-05-20
G1460,세종특별자치시,없음,시도,,보람로,2,,세종특별자치시 도담동 939,36.51091818,127.2639544,"세종특별자치시 도담동 보람로 33, 도담초교 앞(도담고→청사)",2,30,2018,세종특별자치시경찰청,044-559-2151,2022-05-20
G1461,세종특별자치시,없음,시도,,갈매로,1,,세종특별자치시 어진동 713,36.50237871,127.2662632,"세종특별자치시 갈매로 어진동 710, 양지중학교 앞(조치원→청사)",2,50,2018,세종특별자치시경찰청,044-559-2151,2022-05-20
G1462,세종특별자치시,없음,시도,,금송로,2,,세종특별자치시 장군면 금암리 354,36.43792069,127.2186968,"세종특별자치시 금송로 장군면 금암리 354, 금암3거리(대전→세종)",2,70,2018,세종특별자치시경찰청,044-559-2151,2022-05-20
G1463,세종특별자치시,없음,시도,,장척로,1,,세종특별자치시 장군면 도계리 267-9,36.49338772,127.2022,"세종특별자치시 장척로 장군면 하봉리 551, 장기중학교 앞(공주→면사무소)",1,60,2018,세종특별자치시경찰청,044-559-2151,2022-05-20
G1464,세종특별자치시,없음,시도,,당산로,2,,세종특별자치시 연서면 봉암리 46-1,36.56484958,127.2880769,"세종특별자치시 당산로 연서면 봉암리 115-14, 보림사입구(조치원→대전)",1,60,2018,세종특별자치시경찰청,044-559-2151,2022-05-20
G1465,세종특별자치시,없음,시도,,한누리대로,1,,세종특별자치시 도담동 909,36.517911,127.2586701,"세종특별자치시 한누리대로 도담동 909, 양지초교 앞(조치원→대전)",2,50,2018,세종특별자치시경찰청,044-559-2151,2022-05-20
G1466,세종특별자치시,없음,시도,,소담로,2,,세종특별자치시 소담동 산 9,36.285574,127.185589,"세종특별자치시 소담로 소담동 9-1, KDI 앞(대전→시청)",2,50,2018,세종특별자치시경찰청,044-559-2151,2022-05-20
G1467,세종특별자치시,없음,지방도,1,세종로,1,,세종특별자치시 아름동 801,36.522436,127.2462832,"세종특별자치시 세종로 아름동 801, 주추지하차도 북단(대전→조치원)",1,70,2018,세종특별자치시경찰청,044-559-2151,2022-05-20
G1481,세종특별자치시,없음,일반국도,1,세종로,2,,세종특별자치시 다정동 638,36.49456082,127.2399165,세종특별자치시 세종로 사오리지하차도(세종→천안방향),1,70,2018,세종특별자치시경찰청,044-559-2151,2022-05-20
G1482,세종특별자치시,없음,일반국도,1,세종로,1,,세종특별자치시 다정동 638,36.49456082,127.2399165,세종특별자치시 세종로 사오리지하차도(세종→대전방향),1,70,2018,세종특별자치시경찰청,044-559-2151,2022-05-20
G1483,세종특별자치시,없음,일반국도,1,세종로,2,,세종특별자치시 다정동 638,36.49456082,127.2399165,세종특별자치시 세종로 주추지하차도(세종→천안방향),1,70,2018,세종특별자치시경찰청,044-559-2151,2022-05-20
G1484,세종특별자치시,없음,일반국도,1,세종로,1,,세종특별자치시 다정동 638,36.49456082,127.239958,세종특별자치시 세종로 주추지하차도(세종→대전방향),1,70,2018,세종특별자치시경찰청,044-559-2151,2022-05-20
G1644,세종특별자치시,없음,시도,,의당전의로,2,,세종특별자치시 전의면 동교리 230-1,36.68597409,127.2044082,"세종특별자치시 전의면 동교리 230-2, 동교3교차로(동교리→전의면사무소)",2,60,2018,세종특별자치시경찰청,044-559-2151,2022-05-20
G1734,세종특별자치시,없음,시도,,절재로,1,,세종특별자치시 아름동 1456,36.50783305,127.2486141,"세종특별자치시 절재로 종촌동 650, 나래초등학교 앞(1번국도→청사)",2,50,2018,세종특별자치시경찰청,044-559-2151,2022-05-20
G2255,세종특별자치시,없음,특별시도,,내판로,2,,세종특별자치시 연동면 내판리 274-2,36.5499695,127.326557,"세종특별자치시 연동면 내판로 내판리 669-1, 상리2교차로(행복도시→내판리)",2,50,2019,세종특별자치시경찰청,044-559-2151,2022-05-20
G2256,세종특별자치시,없음,특별시도,,내판로,1,,세종특별자치시 연동면 내판리 274-2,36.5499695,127.326557,"세종특별자치시 연동면 내판로 내판리 669-1, 상리2교차로(내판리→행복도시)",2,50,2019,세종특별자치시경찰청,044-559-2151,2022-05-20
G2440,세종특별자치시,없음,특별시도,,허만석로,2,,세종특별자치시 조치원읍 평리 83,36.60352822,127.3047088,"세종특별자치시 조치원읍 허만석로 상리사거리 앞 천안방향 시점(평리 77, 세종→천안)",1,60,2019,세종특별자치시경찰청,044-559-2151,2022-05-20
G2441,세종특별자치시,없음,일반국도,1,세종로,1,,세종특별자치시 조치원읍 신안리 77-2,36.623658,127.290374,"세종특별자치시 조치원읍 세종로 홍익대학교 앞 천안방향 종점(신안리 78-5, 세종→천안)",1,60,2019,세종특별자치시경찰청,044-559-2151,2022-05-20
G2442,세종특별자치시,없음,일반국도,1,세종로,2,,세종특별자치시 조치원읍 신안리 77-2,36.623658,127.290374,"세종특별자치시 조치원읍 세종로 홍익대학교 앞 세종방향 시점(신안리 78-5, 천안→세종)",1,60,2019,세종특별자치시경찰청,044-559-2151,2022-05-20
G2443,세종특별자치시,없음,특별시도,,허만석로,1,,세종특별자치시 조치원읍 평리 83,36.60352822,127.3047088,"세종특별자치시 조치원읍 허만석로 상리사거리 앞 세종방향 종점(평리 77, 천안→세종)",1,60,2019,세종특별자치시경찰청,044-559-2151,2022-05-20
G2444,세종특별자치시,없음,특별시도,,새내로,1,,세종특별자치시 조치원읍 남리 117,36.596408,127.298991,"세종특별자치시 조치원읍 새내로 47 앞(남리 117, 경찰서→조치원역)",1,30,2019,세종특별자치시경찰청,044-559-2151,2022-05-20
G2823,세종특별자치시,없음,특별시도,,한누리대로,2,,세종특별자치시 대평동 567-6,36.473103,127.278166,"세종특별자치시 한누리대로 해들마을5단지 518동 앞(대평동 648, 한두리대교→시청)",2,30,2019,세종특별자치시경찰청,044-559-2151,2022-05-20
G2824,세종특별자치시,없음,특별시도,,한누리대로,2,,세종특별자치시 대평동 567-6,36.473224,127.277775,"세종특별자치시 한누리대로 다이소 앞(대평동 648, 시청→한두리대교)",2,30,2019,세종특별자치시경찰청,044-559-2151,2022-05-20
G3006,세종특별자치시,없음,특별시도,,한누리대로,1,,세종특별자치시 어진동 726,36.49890879,127.2605041,세종특별자치시 한누리대로 어진교차로 성남고 방향(정부청사→성남고),1,50,2019,세종특별자치시경찰청,044-559-2151,2022-05-20
G3007,세종특별자치시,없음,특별시도,,한누리대로,2,,세종특별자치시 어진동 494,36.50315781,127.2606571,세종특별자치시 한누리대로 어진교차로 정부청사 방향(성남고→정부청사),1,50,2019,세종특별자치시경찰청,044-559-2151,2022-05-20
G3008,세종특별자치시,없음,특별시도,,가름로,1,,세종특별자치시 어진동 747,36.49592829,127.2656268,세종특별자치시 가름로 어진교차로 어진중 방향(호수공원→어진중),1,50,2019,세종특별자치시경찰청,044-559-2151,2022-05-20
G3009,세종특별자치시,없음,특별시도,,가름로,2,,세종특별자치시 어진동 709,36.498412,127.257729,세종특별자치시 가름로 어진교차로 호수공원 방향(어진중→호수공원),1,50,2019,세종특별자치시경찰청,044-559-2151,2022-05-20
G3010,세종특별자치시,없음,특별시도,,부강로,1,,세종특별자치시 부강면 부강리 486-1,36.52728845,127.36772,"세종특별자치시 부강면 부강로 15, 부강초교 앞(부강역→금강)",2,30,2019,세종특별자치시경찰청,044-559-2151,2022-05-20
G3011,세종특별자치시,없음,특별시도,,부강로,2,,세종특별자치시 부강면 부강리 486-1,36.52728845,127.36772,"세종특별자치시 부강면 부강로 15, 부강초교 건너편(금강→부강역)",2,30,2019,세종특별자치시경찰청,044-559-2151,2022-05-20
G3012,세종특별자치시,없음,특별시도,,보듬로,1,,세종특별자치시 도담동 908,36.51819862,127.2627741,세종특별자치시 보듬8로 양지유치원 앞(한양수자인아파트→중흥S클래스아파트),2,30,2019,세종특별자치시경찰청,044-559-2151,2022-05-20
G3013,세종특별자치시,없음,특별시도,,보듬로,2,,세종특별자치시 도담동 908,36.518129,127.2627741,세종특별자치시 보듬8로 양지유치원 건너편(중흥S클래스아파트→한양수자인아파트),2,30,2019,세종특별자치시경찰청,044-559-2151,2022-05-20
G3014,세종특별자치시,없음,특별시도,,다솜로,1,,세종특별자치시 도담동 917,36.51525425,127.2556611,세종특별자치시 다솜1로 늘봄초교 앞(이지더원아파트→극동스타클래스아파트),2,30,2019,세종특별자치시경찰청,044-559-2151,2022-05-20
G3105,세종특별자치시,없음,특별시도,,향나무길,2,,세종특별자치시 조치원읍 침산리 275-4,36.6033046,127.289144,"세종특별자치시 조치원읍 향나무길 신봉초등학교 앞(침산리 297, 욱일삼거리→신봉초)",2,30,2019,세종특별자치시경찰청,044-559-2151,2022-05-20
G3106,세종특별자치시,없음,특별시도,,향나무길,1,,세종특별자치시 조치원읍 침산리 34-5,36.603996,127.289576,"세종특별자치시 조치원읍 향나무길 신봉초등학교 건너편(침산리 275-1, 신봉초→욱일삼거리)",1,30,2019,세종특별자치시경찰청,044-559-2151,2022-05-20
G3668,세종특별자치시,없음,일반국도,1,세종로,2,,세종특별자치시 소정면 대곡리 599-1,36.7291772,127.1657458,세종특별자치시 소정면 대곡리 559-1 대곡삼거리 세종방향 구간단속 시점(천안→세종),1,80,2020,세종특별자치시경찰청,044-559-2251,2022-05-20
G3669,세종특별자치시,없음,일반국도,1,세종로,2,,세종특별자치시 소정면 소정리 364-3,36.71360429,127.1491793,세종특별자치시 소정면 세종로 운당교차로 전 구간단속 종점(천안→세종),1,80,2020,세종특별자치시경찰청,044-559-2151,2022-05-20
G4051,세종특별자치시,없음,지방도,96,연청로,1,,세종특별자치시 연동면 명학리 621-7,36.53479172,127.332433,"세종특별자치시 연동면 명학리 621-7(청주→세종), 1,2차로",1,60,2020,세종특별자치시경찰청,044-559-2151,2022-05-20
G4052,세종특별자치시,없음,지방도,96,연청로,2,,세종특별자치시 연동면 명학리 621-7,36.53479172,127.332433,"세종특별자치시 연동면 명학리 621-7(청주→세종), 3차로",1,60,2020,세종특별자치시경찰청,044-559-2151,2022-05-20
G4112,세종특별자치시,없음,특별시도,,청연로,1,,세종특별자치시 연동면 송용리 102-3,36.55906604,127.3238982,"세종특별자치시 연동면 송용리 102-3, 연동초교 앞",1,30,2020,세종특별자치시경찰청,044-559-2151,2022-05-20
G4113,세종특별자치시,없음,특별시도,,도원로,2,,세종특별자치시 연서면 월하리 810-1,36.5848166,127.285854,"세종특별자치시 연서면 도원로 63, 도원초교 앞",1,30,2020,세종특별자치시경찰청,044-559-2151,2022-05-20
G4132,세종특별자치시,없음,특별시도,,갈매로,1,,세종특별자치시 대평동 643,36.46940665,127.274844,세종특별자치시 대평동 643,2,50,2020,세종특별자치시경찰청,044-559-2151,2022-05-20
G4133,세종특별자치시,없음,특별시도,,갈매로,2,,세종특별자치시 어진동 713,36.50237871,127.2662632,세종특별자치시 어진동 713 정부청사관리본부 앞 교차로(기재부→양지중),2,50,2020,세종특별자치시경찰청,044-559-2151,2022-05-20
G4305,세종특별자치시,없음,특별시도,,보람동로,1,,세종특별자치시 보람동 633-6,36.2845844,127.1740644,세종특별자치시 보람동 보람동로 호려울마을9단지 앞(보람동 633-6) (호려울6단지→호수공원),2,30,2020,세종특별자치시경찰청,044-559-2151,2022-05-20
G4306,세종특별자치시,없음,특별시도,,남세종로,2,,세종특별자치시 보람동 633-7,36.284544,127.1739244,세종특별자치시 보람동 남세종로 보람유치원 앞(보람동 633-7) (소담고→보람동복지센터),2,30,2020,세종특별자치시경찰청,044-559-2151,2022-05-20
G4307,세종특별자치시,없음,특별시도,,한누리대로,1,,세종특별자치시 보람동 664-45,36.283644,127.1700544,세종특별자치시 보람동 한누리대로 보람고 앞 (보람동 664-45) (세종특별자치시교육청→종합운동장교차로),2,50,2020,세종특별자치시경찰청,044-559-2151,2022-05-20
G4308,세종특별자치시,없음,특별시도,,한누리대로,2,,세종특별자치시 보람동 664-97,36.283474,127.1702644,세종특별자치시 보람동 한누리대로 여울초 앞 (보람동 664-97) (종합운동장교차로→세종특별자치시교육청),2,50,2020,세종특별자치시경찰청,044-559-2151,2022-05-20
G4309,세종특별자치시,없음,특별시도,,남세종로,1,,세종특별자치시 소담동 산 9,36.2856144,127.1825444,세종특별자치시 소담로 한국개발연구원 앞 (소담동 산9) (글벗초→새샘교차로),1,50,2020,세종특별자치시경찰청,044-559-2151,2022-05-20
G4310,세종특별자치시,없음,특별시도,,행복대로,2,,세종특별자치시 소담동 32-98,36.47987485,127.3073792,"세종특별자치시 행복대로 방음터널 출구(소담동 32-98, 해들교차로→새샘교차로)",1,50,2020,세종특별자치시경찰청,044-559-2151,2022-05-20
G4311,세종특별자치시,없음,특별시도,,행복대로,2,,세종특별자치시 소담동 9-40,36.47962951,127.3040659,"세종특별자치시 행복대로 방음터널 입구(소담동 9-40, 새샘교차로→해들교차로)",1,50,2020,세종특별자치시경찰청,044-559-2151,2022-05-20
G4758,세종특별자치시,없음,특별시도,,운주산로,2,,세종특별자치시 전동면 노장리 632-3,36.653855,127.266333,"세종특별자치시 전동면 노장리 632-3, 운주산로 전동초교 앞",1,30,2020,세종특별자치시경찰청,044-559-2151,2022-05-20
G4759,세종특별자치시,없음,특별시도,,조치원길,2,,세종특별자치시 조치원읍 교리 27-1,36.653855,127.266333,"세종특별자치시 조치원읍 교리 27-1, 조치원5길 교동초교 앞(서창교→조치원역)",2,30,2020,세종특별자치시경찰청,044-559-2151,2022-05-20
G4760,세종특별자치시,없음,특별시도,,조치원길,1,,세종특별자치시 조치원읍 교리 27-1,36.60613349,127.2973307,"세종특별자치시 조치원읍 교리 27-1, 조치원5길 교동초교 앞(조치원역→서창교)",2,30,2020,세종특별자치시경찰청,044-559-2151,2022-05-20
G4761,세종특별자치시,없음,일반국도,1,세종로,1,,세종특별자치시 조치원읍 신흥리271-2,36.59521193,127.2911348,세종특별자치시 조치원읍 세종로 신흥사거리(행복도시→천안),2,50,2020,세종특별자치시경찰청,044-559-2151,2022-05-20
G4762,세종특별자치시,없음,일반국도,1,세종로,2,,세종특별자치시 조치원읍 신흥리271-2,36.59522054,127.2909202,세종특별자치시 조치원읍 세종로 신흥사거리(천안→행복도시),2,50,2020,세종특별자치시경찰청,044-559-2151,2022-05-20
G4763,세종특별자치시,없음,특별시도,,세종로,2,,세종특별자치시 새롬동 464-7,36.49125059,127.2418358,"세종특별자치시 새롬동 464-7, 세종로 가득초교 앞",2,40,2020,세종특별자치시경찰청,044-559-2151,2022-05-20
G4764,세종특별자치시,없음,특별시도,,도움로,1,,세종특별자치시 종촌동 705,36.50218254,127.2414388,"세종특별자치시 종촌동 705, 도움1로 종촌초교 앞",2,30,2020,세종특별자치시경찰청,044-559-2151,2022-05-20
G4765,세종특별자치시,없음,특별시도,,소담로,1,,세종특별자치시 소담동 508-2,36.48743216,127.2981934,"세종특별자치시 소담동 508-2, 소담로 글벗초교 앞",2,20,2020,세종특별자치시경찰청,044-559-2151,2022-05-20
G5516,세종특별자치시,없음,특별시도,,의당전의로,2,,세종특별자치시 전의면 양곡리 341-7,36.640611,127.176711,"세종특별자치시 전의면 양곡리 341-7, 의당전의로 양곡교 앞 삼거리(정안→전의)",1,50,2020,세종특별자치시경찰청,044-559-2151,2022-05-20
G8144,세종특별자치시,없음,특별시도,,한누리대로,1,,세종특별자치시 반곡동 63-3,36.49675815,127.3166201,"세종특별자치시 한누리대로 반곡고등학교 앞 교차로(반곡동, 청주방면 →세종방면)",2,50,2020,세종특별자치시경찰청,044-559-2151,2022-05-20
G8145,세종특별자치시,없음,특별시도,,한누리대로,2,,세종특별자치시 반곡동 63-3,36.49675815,127.3166201,"세종특별자치시 한누리대로 반곡고등학교 앞 교차로(반곡동, 세종방면 →청주방면)",2,50,2020,세종특별자치시경찰청,044-559-2151,2022-05-20
G8146,세종특별자치시,없음,특별시도,,한누리대로,2,,세종특별자치시 연동면 용호리 1094,36.53797414,127.3043403,"세종특별자치시 연동면 한누리대로 미르교차로(용호리 1094, 정부청사 → 아람찬교)",2,50,2020,세종특별자치시경찰청,044-559-2151,2022-05-20
G8147,세종특별자치시,없음,특별시도,,한누리대로,1,,세종특별자치시 연동면 용호리 1094,36.53797414,127.3043403,"세종특별자치시 연동면 한누리대로 미르교차로(용호리 1094, 아람찬교 → 정부청사)",2,50,2020,세종특별자치시경찰청,044-559-2151,2022-05-20
G8148,세종특별자치시,없음,특별시도,,수목원로,2,,세종특별자치시 연기면 세종리 881-1,36.293761,127.172621,"세종특별자치시 연기면 수목원로 수목원교차로(세종리 881-1, 세종 → 남청주IC)",2,50,2020,세종특별자치시경찰청,044-559-2151,2022-05-20
G8149,세종특별자치시,없음,특별시도,,수목원로,1,,세종특별자치시 연기면 세종리 881-1,36.293711,127.172531,"세종특별자치시 연기면 수목원로 수목원교차로(세종리 881-1, 남청주IC → 세종)",2,50,2020,세종특별자치시경찰청,044-559-2151,2022-05-20
G8150,세종특별자치시,없음,특별시도,,임난수로,2,,세종특별자치시 연기면 누리리 194-61,36.52321158,127.2940149,"세종특별자치시 연기면 임난수로 세종특별자치시청 별관 남단(누리리 194-61, 호수공원 → 조치원)",2,50,2020,세종특별자치시경찰청,044-559-2151,2022-05-20
G8151,세종특별자치시,없음,특별시도,,달빛로,1,,세종특별자치시 아름동 1456,36.50783305,127.2486141,세종특별자치시 아름동 범지기마을 4단지 교차로(가재마을 12단지 → 아름동 교차로),2,40,2020,세종특별자치시경찰청,044-559-2151,2022-05-20
G8152,세종특별자치시,없음,일반국도,36,장기로,2,,세종특별자치시 종촌동 170,36.499791,127.240711,"세종특별자치시 장기로 너비뜰 교차로(종촌동 170, 종촌1교 → 당암육교)",2,50,2020,세종특별자치시경찰청,044-559-2151,2022-05-20
G8153,세종특별자치시,없음,일반국도,1,세종로,2,,세종특별자치시 연기면 보통리 402-1,36.55292828,127.2780295,"세종특별자치시 연기면 세종로 연기교차로(보통리 402-1, 대전 → 조치원)",2,70,2020,세종특별자치시경찰청,044-559-2151,2022-05-20
G8154,세종특별자치시,없음,일반국도,23,차령로,1,,세종특별자치시 전의면 유천리 360-3,36.68383175,127.1712669,"세종특별자치시 전의면 차령로 유천교차로(유천리 360-3, 공주 → 천안)",2,70,2020,세종특별자치시경찰청,044-559-2151,2022-05-20
G9220,세종특별자치시,없음,특별시도,,세종로,2,,세종특별자치시 새롬동394-6,36.487911,127.243911,"세종특별자치시 세종로 가득초등학교 앞(새롬동394-6, 가온마을1단지 → E마트)",2,40,2020,세종특별자치시경찰청,044-559-2151,2022-05-20
G9221,세종특별자치시,없음,일반국도,1,세종로,1,,세종특별자치시 조치원읍 서창리 50-5,36.613111,127.292911,"세종특별자치시 세종로 신안1리사거리(서창리50-5, 천안 → 조치원)",2,50,2020,세종특별자치시경찰청,044-559-2151,2022-05-20
G9222,세종특별자치시,없음,특별시도,,남세종로,2,,세종특별자치시 보람동796,36.283411,127.170111,"세종특별자치시 남세종로 여울초등학교(보람동796, 대평동 행정복지센터 → 보람동 119)",1,30,2020,세종특별자치시경찰청,044-559-2151,2022-05-20
G9223,세종특별자치시,없음,특별시도,,보람서로,1,,세종특별자치시 보람동 664-78,36.282411,127.165911,"세종특별자치시 보람서로 해들유치원(보람동664-78, 수변공원 → 해들유치원)",1,30,2020,세종특별자치시경찰청,044-559-2151,2022-05-20
G9224,세종특별자치시,없음,특별시도,,금남구즉로,2,,세종특별자치시 보람동 700-59,36.472111,127.286411,"세종특별자치시 금남구즉로 금남초등학교 정문 앞(보람동700-59, 장영실고 → 바오로성당)",1,30,2020,세종특별자치시경찰청,044-559-2151,2022-05-20
G9225,세종특별자치시,없음,특별시도,,금남구즉로,1,,세종특별자치시 보람동 50-33,36.4716623,127.2862047,"세종특별자치시 금남구즉로 금남초등학교 정문 앞(보람동50-33, 바오로성당 → 장영실고)",1,30,2020,세종특별자치시경찰청,044-559-2151,2022-05-20
G9226,세종특별자치시,없음,특별시도,,안금로,2,,세종특별자치시 금남면 감성리 267-13,36.44363939,127.2873479,"세종특별자치시 안금로 감성초등학교 앞(금남면267-13, 감성교 → 감성교차로)",1,30,2020,세종특별자치시경찰청,044-559-2151,2022-05-20
G9227,세종특별자치시,없음,특별시도,,안금로,1,,세종특별자치시 금남면 감성리 267-13,36.44363939,127.2873479,"세종특별자치시 안금로 감성초등학교 앞(금남면267-13, 감성교차로 → 감성교)",1,30,2020,세종특별자치시경찰청,044-559-2151,2022-05-20
G9228,세종특별자치시,없음,특별시도,,다정남로,2,,세종특별자치시 다정동 982,36.293511,127.150311,"세종특별자치시 다정남로 새움초등학교 앞(다정동982, 다정중학교 → 가온12단지)",2,30,2020,세종특별자치시경찰청,044-559-2151,2022-05-20
G9229,세종특별자치시,없음,특별시도,,다정남로,2,,세종특별자치시 다정동 965,36.293611,127.150211,"세종특별자치시 다정남로 새움초등학교 앞(다정동965, 가온12단지 → 다정중학교)",2,30,2020,세종특별자치시경찰청,044-559-2151,2022-05-20
G9230,세종특별자치시,없음,특별시도,,다정북로,1,,세종특별자치시 다정동 961,36.294511,127.150211,"세종특별자치시 다정북로 새움초등학교 가온8단지 정문(다정동961, 가온3단지 → 리틀야구장)",2,30,2020,세종특별자치시경찰청,044-559-2151,2022-05-20
G9231,세종특별자치시,없음,특별시도,,다정북로,2,,세종특별자치시 다정동 920,36.294411,127.150411,"세종특별자치시 다정북로 새움초등학교 가온9단지 정문(다정동920, 리틀야구장 → 가온3단지)",2,30,2020,세종특별자치시경찰청,044-559-2151,2022-05-20
G9232,세종특별자치시,없음,특별시도,,당산로,1,,세종특별자치시 연기면 연기리 275-2,36.543811,127.276211,"세종특별자치시 당산로 연남초등학교 (연기면275-2, 연기면사무소 → 연기사거리)",1,30,2020,세종특별자치시경찰청,044-559-2151,2022-05-20
G9233,세종특별자치시,없음,특별시도,,당산로,2,,세종특별자치시 연기면 연기리 375-2,36.54516632,127.2775962,"세종특별자치시 당산로 연남초등학교 (연기면375-2, 연기사거리 → 연기면사무소)",1,30,2020,세종특별자치시경찰청,044-559-2151,2022-05-20
G9234,세종특별자치시,없음,특별시도,,새롬남로,1,,세종특별자치시 새롬동 620,36.291211,127.145411,"세종특별자치시 새롬남로 새롬초등학교(새롬동620, 새뜸2단지 → 원형교차로)",2,20,2020,세종특별자치시경찰청,044-559-2151,2022-05-20
G9235,세종특별자치시,없음,특별시도,,새롬북로,2,,세종특별자치시 새롬동 619,36.291111,127.145111,"세종특별자치시 새롬북로 새롬초등학교(새롬동619, 새뜸3단지 → 원형교차로)",2,20,2020,세종특별자치시경찰청,044-559-2151,2022-05-20
G9236,세종특별자치시,없음,특별시도,,장기초교길,2,,세종특별자치시 장군면 도계리 165-5,36.4965644,127.207311,"세종특별자치시 장기초교길 장기초등학교(장군면165-5, 서부농협 → 은용교)",1,30,2020,세종특별자치시경찰청,044-559-2151,2022-05-20
G9237,세종특별자치시,없음,특별시도,,장기초교길,1,,세종특별자치시 장군면 도계리 165-5,36.4965644,127.207311,"세종특별자치시 장기초교길 장기초등학교(장군면165-5, 은용교 → 서부농협)",1,30,2020,세종특별자치시경찰청,044-559-2151,2022-05-20
G9238,세종특별자치시,없음,특별시도,,비암로,2,,세종특별자치시 연서면 쌍류리 산86,36.59738592,127.2079755,"세종특별자치시 비암로 쌍류초등학교(쌍류리 산86, 다방리 →쌍류보건진료소)",1,30,2020,세종특별자치시경찰청,044-559-2151,2022-05-20
G9239,세종특별자치시,없음,특별시도,,반곡2길,1,,세종특별자치시 반곡동 46-1,36.49742734,127.312383,"세종특별자치시 반곡2길 솔빛초등학교(반곡동46-1, 솔빛초 → 수루배5단지)",1,30,2020,세종특별자치시경찰청,044-559-2151,2022-05-20
G9240,세종특별자치시,없음,특별시도,,반곡2길,2,,세종특별자치시 반곡동 42-5,36.49658058,127.3112853,"세종특별자치시 반곡2길 솔빛초등학교(반곡동42-5, 수루배5단지 → 솔빛초)",1,30,2020,세종특별자치시경찰청,044-559-2151,2022-05-20
G9241,세종특별자치시,없음,특별시도,,다정서로,1,,세종특별자치시 다정동 977,36.295511,127.145611,"세종특별자치시 다정서로 한결초등학교(다정동977, 다빛유치원 → 다정초등학교)",2,20,2020,세종특별자치시경찰청,044-559-2151,2022-05-20
G9242,세종특별자치시,없음,특별시도,,다정북로,2,,세종특별자치시 다정동 978,36.295711,127.154811,"세종특별자치시 다정북로 한결초등학교(다정동978, 가온마을3단지 → 리틀야구장)",2,20,2020,세종특별자치시경찰청,044-559-2151,2022-05-20
G9243,세종특별자치시,없음,특별시도,,다정북로,1,,세종특별자치시 다정동 977,36.295611,127.145611,"세종특별자치시 다정북로 한결초등학교(다정동977, 리틀야구장 →가온마을3단지)",2,20,2020,세종특별자치시경찰청,044-559-2151,2022-05-20
G9244,세종특별자치시,없음,특별시도,,수왕로,2,,세종특별자치시 연기면 눌왕리 280,36.54468433,127.255111,"세종특별자치시 수왕로 수왕초등학교(눌왕리280, 눌왕교 → 수산리마을회관)",1,30,2020,세종특별자치시경찰청,044-559-2151,2022-05-20
G9245,세종특별자치시,없음,특별시도,,수왕로,1,,세종특별자치시 연기면 눌왕리 280,36.54468433,127.255111,"세종특별자치시 수왕로 수왕초등학교(눌왕리280, 수산리마을회관 → 눌왕교)",1,30,2020,세종특별자치시경찰청,044-559-2151,2022-05-20
G9246,세종특별자치시,없음,특별시도,,대평로,2,,세종특별자치시 대평동 725,36.281511,127.164811,"세종특별자치시 대평로 대평초등학교(대평동725, 바오로성당 → 해들마을6단지)",2,30,2020,세종특별자치시경찰청,044-559-2151,2022-05-20
G9247,세종특별자치시,없음,특별시도,,대평로,2,,세종특별자치시 대평동 725,36.281511,127.164911,"세종특별자치시 대평로 대평초등학교(대평동725, 해들마을6단지 → 바오로성당)",2,30,2020,세종특별자치시경찰청,044-559-2151,2022-05-20
G9248,세종특별자치시,없음,특별시도,,다정남로,1,,세종특별자치시 다정동 960,36.293411,127.143811,"세종특별자치시 다정남로 다정초등학교 앞(다정동960, 다정고 → 다정동주민센터)",2,20,2020,세종특별자치시경찰청,044-559-2151,2022-05-20
G9249,세종특별자치시,없음,특별시도,,다정서로,2,,세종특별자치시 다정동 975,36.293411,127.143611,"세종특별자치시 다정서로 다정초등학교 앞 원형교차로(다정동975, 새움중 → 다정중)",1,20,2020,세종특별자치시경찰청,044-559-2151,2022-05-20
G9250,세종특별자치시,없음,특별시도,,시청대로,1,,세종특별자치시 반곡동 51-10,36.50150729,127.311843,"세종특별자치시 시청대로 반곡초등학교(반곡동51-10, 수루배1단지 → 수루배4단지)",2,30,2020,세종특별자치시경찰청,044-559-2151,2022-05-20
G9251,세종특별자치시,없음,특별시도,,시청대로,2,,세종특별자치시 반곡동 51-08,36.300411,127.183911,"세종특별자치시 시청대로 반곡초등학교(반곡동51-08, 수루배4단지 → 수루배1단지)",2,30,2020,세종특별자치시경찰청,044-559-2151,2022-05-20
G9252,세종특별자치시,없음,특별시도,,다솜로,1,,세종특별자치시 어진동 734,36.49970475,127.2711281,"세종특별자치시 다솜로 연세초등학교(세종리1198, 연세초 → 대통령기록관)",1,30,2020,세종특별자치시경찰청,044-559-2151,2022-05-20
G9253,세종특별자치시,없음,특별시도,,도움3로,2,,세종특별자치시 종촌동 707,36.505211,127.243111,"세종특별자치시 도움3로 종촌초등학교 가재마을4단지 앞(종촌동707, 종촌동행정복지센터 → 종촌중)",2,30,2020,세종특별자치시경찰청,044-559-2151,2022-05-20
G9254,세종특별자치시,없음,특별시도,,도움3로,1,,세종특별자치시 종촌동 707,36.505211,127.243111,"세종특별자치시 도움3로 종촌초등학교 가재마을3단지 앞(종촌동707, 종촌중 → 종촌동행정복지센터)",2,30,2020,세종특별자치시경찰청,044-559-2151,2022-05-20
G9255,세종특별자치시,없음,특별시도,,만남로,2,,세종특별자치시 고운동 2083,36.515311,127.239411,"세종특별자치시 만남로 온빛초등학교(고운동2083, 두루중 → 시립도서관)",2,20,2020,세종특별자치시경찰청,044-559-2151,2022-05-20
G9256,세종특별자치시,없음,특별시도,,만남로,1,,세종특별자치시 고운동 2083,36.514211,127.243911,"세종특별자치시 만남로 온빛초등학교(고운동2083, 시립도서관 → 두루중)",2,20,2020,세종특별자치시경찰청,044-559-2151,2022-05-20
G9732,세종특별자치시,없음,시도,,구즉세종로,2,,세종특별자치시 금남면 장재리 604-5,36.478607,127.3094,"세종특별자치시 구즉세종로 새샘교차로 대전방향 120m전방(금남면 장재리 604-5, 세종 → 대전",1,70,2021,세종특별자치시경찰청,044-559-2251,2022-05-20
G9733,세종특별자치시,없음,시도,,구즉세종로,1,,세종특별자치시 금남면 장재리 217-1,36.477822,127.3114,"세종특별자치시 구즉세종로 새샘교차로 대전방향 400m전방(금남면 장재리 217-1, 대전 → 세종",1,70,2021,세종특별자치시경찰청,044-559-2251,2022-05-20
G9734,세종특별자치시,없음,일반국도,1,세종로,1,,세종특별자치시 대평동 580-3,36.467249,127.264797,"세종특별자치시 세종로 학나래교 남단 시점 1,2차로 (대평동 580-3, 대전 → 조치원)",1,70,2021,세종특별자치시경찰청,044-559-2251,2022-05-20
G9735,세종특별자치시,없음,일반국도,1,세종로,1,,세종특별자치시 대평동 580-3,36.467249,127.264797,"세종특별자치시 세종로 학나래교 남단 시점 3차로 (대평동 580-3, 대전 → 조치원)",1,70,2021,세종특별자치시경찰청,044-559-2251,2022-05-20
G9736,세종특별자치시,없음,일반국도,1,세종로,1,,세종특별자치시 아름동 801,36.522364,127.246282,"세종특별자치시 세종로 세종국제고 앞 종점 1,2차로 (아름동 801, 대전 → 조치원)",1,70,2021,세종특별자치시경찰청,044-559-2251,2022-05-20
G9737,세종특별자치시,없음,일반국도,1,세종로,1,,세종특별자치시 아름동 801,36.522364,127.246282,"세종특별자치시 세종로 세종국제고 앞 종점 3차로 (아름동 801, 대전 → 조치원)",1,70,2021,세종특별자치시경찰청,044-559-2251,2022-05-20
G9738,세종특별자치시,없음,일반국도,1,세종로,2,,세종특별자치시 아름동 801,36.522364,127.246282,"세종특별자치시 세종로 세종국제고 앞 시점 1,2차로 (아름동 801, 조치원 → 대전)",1,70,2021,세종특별자치시경찰청,044-559-2251,2022-05-20
G9739,세종특별자치시,없음,일반국도,1,세종로,2,,세종특별자치시 아름동 801,36.522364,127.246282,"세종특별자치시 세종로 세종국제고 앞 시점 3차로 (아름동 801, 조치원 → 대전)",1,70,2021,세종특별자치시경찰청,044-559-2251,2022-05-20
G9740,세종특별자치시,없음,일반국도,1,세종로,2,,세종특별자치시 대평동 580-3,36.467249,127.264797,"세종특별자치시 세종로 학나래교 남단 종점 1,2차로 (대평동 580-3, 조치원 → 대전)",1,70,2021,세종특별자치시경찰청,044-559-2251,2022-05-20
G9741,세종특별자치시,없음,일반국도,1,세종로,2,,세종특별자치시 대평동 580-3,36.467249,127.264797,"세종특별자치시 세종로 학나래교 남단 종점 3차로 (대평동 580-3, 조치원 → 대전)",1,70,2021,세종특별자치시경찰청,044-559-2251,2022-05-20
G9895,세종특별자치시,없음,시도,,한누리대로,2,,세종특별자치시 소담동617,36.486303,127.301424,"세종특별자치시 한누리대로 소담교차로(소담동617, 보람동 → 반곡동)",2,50,2021,세종특별자치시경찰청,044-559-2251,2022-05-20
G9896,세종특별자치시,없음,시도,,한누리대로,1,,세종특별자치시 소담동520,36.486268,127.301038,"세종특별자치시 한누리대로 소담교차로(소담동520, 반곡동 → 보람동)",2,50,2021,세종특별자치시경찰청,044-559-2251,2022-05-20
G9897,세종특별자치시,없음,시도,,한누리대로,2,,세종특별자치시 반곡동831,36.495482,127.306955,"세종특별자치시 한누리대로 반곡교차로(반곡동831, 보람동 → 반곡동)",2,50,2021,세종특별자치시경찰청,044-559-2251,2022-05-20
G9898,세종특별자치시,없음,시도,,한누리대로,1,,세종특별자치시 반곡동831,36.495501,127.306677,"세종특별자치시 한누리대로 반곡교차로(반곡동831, 반곡동 → 보람동)",2,50,2021,세종특별자치시경찰청,044-559-2251,2022-05-20
H2975,세종특별자치시,없음,지방도,96,연청로,1,,세종특별자치시 부강면 문곡리 산9-2,36.529453,127.402786,"세종특별자치시 부강면 문곡리 산9-2, 세종방면 시점 1, 2차로 (외천교차로 → 세종)",1,80,2021,세종특별자치시경찰청,044-559-2251,2022-05-20
H2976,세종특별자치시,없음,지방도,96,연청로,1,,세종특별자치시 부강면 문곡리 산9-2,36.529453,127.402786,"세종특별자치시 부강면 문곡리 산9-2, 세종방면 시점 3차로 (외천교차로 → 세종)",1,80,2021,세종특별자치시경찰청,044-559-2251,2022-05-20
H2977,세종특별자치시,없음,지방도,96,연청로,1,,세종특별자치시 부강면 부강리 243-2,36.538804,127.365036,"세종특별자치시 부강면 부강리 243-2, 세종방면 종점 1, 2차로 (외천교차로 → 세종)",1,80,2021,세종특별자치시경찰청,044-559-2251,2022-05-20
H2978,세종특별자치시,없음,지방도,96,연청로,1,,세종특별자치시 부강면 부강리 243-2,36.538804,127.365036,"세종특별자치시 부강면 부강리 243-2, 세종방면 종점 3차로 (외천교차로 → 세종)",1,80,2021,세종특별자치시경찰청,044-559-2251,2022-05-20
H3953,세종특별자치시,없음,시도,,행복대로,1,,세종특별자치시 반곡동 203-133,36.480626,127.312741,"세종특별자치시 집현동719, 새샘교차로→새나루교차로 1,2차로(시점)",1,70,2022,세종특별자치시경찰청,044-559-2251,2022-05-20
H3954,세종특별자치시,없음,시도,,행복대로,1,,세종특별자치시 반곡동 203-133,36.480626,127.312741,"세종특별자치시 집현동719, 새샘교차로→새나루교차로 3차로(시점)",1,70,2022,세종특별자치시경찰청,044-559-2251,2022-05-20
H3955,세종특별자치시,없음,시도,,행복대로,1,,세종특별자치시 집현동 산 45-2,36.495594,127.331795,"세종특별자치시 집현동 산 45-2, 새샘교차로→새나루교차로 1,2차로(종점)",1,70,2022,세종특별자치시경찰청,044-559-2251,2022-05-20
H3956,세종특별자치시,없음,시도,,행복대로,1,,세종특별자치시 집현동 산 45-2,36.495594,127.331795,"세종특별자치시 집현동 산 45-2, 새샘교차로→새나루교차로 3차로(종점)",1,70,2022,세종특별자치시경찰청,044-559-2251,2022-05-20
H3957,세종특별자치시,없음,시도,,행복대로,2,,세종특별자치시 집현동 산 45-2,36.495594,127.331795,"세종특별자치시 집현동 산 45-2, 새나루교차로→새샘교차로 1,2차로(시점)",1,70,2022,세종특별자치시경찰청,044-559-2251,2022-05-20
H3958,세종특별자치시,없음,시도,,행복대로,2,,세종특별자치시 집현동 산 45-2,36.495594,127.331795,"세종특별자치시 집현동 산 45-2, 새나루교차로→새샘교차로 3차로(시점)",1,70,2022,세종특별자치시경찰청,044-559-2251,2022-05-20
H3959,세종특별자치시,없음,시도,,행복대로,2,,세종특별자치시 반곡동 203-133,36.480626,127.312741,"세종특별자치시 집현동883-241, 새나루교차로→새샘교차로 1,2차로(종점)",1,70,2022,세종특별자치시경찰청,044-559-2251,2022-05-20
H3960,세종특별자치시,없음,시도,,행복대로,2,,세종특별자치시 반곡동 203-133,36.480626,127.312741,"세종특별자치시 집현동883-241, 새나루교차로→새샘교차로 3차로(종점)",1,70,2022,세종특별자치시경찰청,044-559-2251,2022-05-20
H3961,세종특별자치시,없음,시도,,한누리대로,2,,세종특별자치시 집현동 370,36.5010807,127.3283546,세종특별자치시 집현동 370 새나루12단지 앞(아람찬교→반곡교),2,50,2022,세종특별자치시경찰청,044-559-2251,2022-05-20
H3962,세종특별자치시,없음,시도,,집현북로,1,,세종특별자치시 집현동 363-2,36.501124,127.3288628,세종특별자치시 집현동 363-2 산학연클러스터 앞(새나래교차로→새나루12단지),2,50,2022,세종특별자치시경찰청,044-559-2251,2022-05-20
H3963,세종특별자치시,없음,시도,,한누리대로,2,,세종특별자치시 연기면 누리리 847,36.5342362,127.2948253,세종특별자치시 연기면 누리리 847 보롬교(한별리→용호리),2,50,2022,세종특별자치시경찰청,044-559-2251,2022-05-20
H3964,세종특별자치시,없음,시도,,한누리대로,1,,세종특별자치시 연기면 누리리 847 ,36.5343298,127.2941957,세종특별자치시 연기면 누리리 847 보롬교(용호리→한별리),2,50,2022,세종특별자치시경찰청,044-559-2251,2022-05-20
H3965,세종특별자치시,없음,일반국도,1,세종로,1,,세종특별자치시 조치원읍 신안리 238,36.6330729,127.2876993,세종특별자치시 조치원읍 신안리 238(조치원→천안),1,60,2022,세종특별자치시경찰청,044-559-2251,2022-05-20
H3966,세종특별자치시,없음,일반국도,1,세종로,2,,세종특별자치시 연서면 월하리 652 ,36.5755709,127.2915973,세종특별자치시 연서면 월하리 652 월하오거리(천안→세종),2,50,2022,세종특별자치시경찰청,044-559-2251,2022-05-20
H3967,세종특별자치시,없음,일반국도,1,세종로,1,,세종특별자치시 연서면 월하리 652 ,36.5783197,127.2926819,세종특별자치시 연서면 월하리 652가나공인중개사 앞(세종→천안),2,50,2022,세종특별자치시경찰청,044-559-2251,2022-05-20
